source,native,name,p_value,significant,description,term_size,query_size,intersection_size,effective_domain_size,precision,recall,query,parents
GO:BP,GO:0032501,multicellular organismal process,1.4132087871159176e-05,True,"""Any biological process, occurring at the level of a multicellular organism, pertinent to its function."" [GOC:curators, GOC:dph, GOC:isa_complete, GOC:tb]",7337,121,73,20972,0.6033057851239669,0.00994957066921085,query_1,['GO:0008150']
GO:BP,GO:0032502,developmental process,1.4132087871159176e-05,True,"""A biological process whose specific outcome is the progression of an integrated living unit: an anatomical structure (which may be a subcellular structure, cell, tissue, or organ), or organism over time from an initial condition to a later condition."" [GOC:isa_complete]",6535,121,68,20972,0.5619834710743802,0.010405508798775822,query_1,['GO:0008150']
GO:BP,GO:0030154,cell differentiation,3.5428413548526824e-05,True,"""The cellular developmental process in which a relatively unspecialized cell, e.g. embryonic or regenerative cell, acquires specialized structural and/or functional features that characterize a specific cell. Differentiation includes the processes involved in commitment of a cell to a specific fate and its subsequent development to the mature state."" [ISBN:0198506732]",4443,121,52,20972,0.4297520661157025,0.011703803736214269,query_1,['GO:0048869']
GO:BP,GO:0048869,cellular developmental process,3.5428413548526824e-05,True,"""A biological process whose specific outcome is the progression of a cell over time from an initial condition to a later condition."" [GOC:isa_complete]",4444,121,52,20972,0.4297520661157025,0.011701170117011701,query_1,"['GO:0009987', 'GO:0032502']"
GO:BP,GO:0048856,anatomical structure development,0.00012507231781442752,True,"""The biological process whose specific outcome is the progression of an anatomical structure from an initial condition to its mature state. This process begins with the formation of the structure and ends with the mature structure, whatever form that may be including its natural destruction. An anatomical structure is any biological entity that occupies space and is distinguished from its surroundings. Anatomical structures can be macroscopic such as a carpel, or microscopic such as an acrosome."" [GO_REF:0000021]",5948,121,61,20972,0.5041322314049587,0.010255548083389375,query_1,['GO:0032502']
GO:BP,GO:0007275,multicellular organism development,0.00014542998864713167,True,"""The biological process whose specific outcome is the progression of a multicellular organism over time from an initial condition (e.g. a zygote or a young adult) to a later condition (e.g. a multicellular animal or an aged adult)."" [GOC:dph, GOC:ems, GOC:isa_complete, GOC:tb]",4690,121,52,20972,0.4297520661157025,0.011087420042643924,query_1,"['GO:0032501', 'GO:0048856']"
GO:BP,GO:0048513,animal organ development,0.0005333435581991816,True,"""Development of a tissue or tissues that work together to perform a specific function or functions. Development pertains to the process whose specific outcome is the progression of a structure over time, from its formation to the mature structure. Organs are commonly observed as visibly distinct structures, but may also exist as loosely associated clusters of cells that work together to perform a specific function or functions."" [GOC:dph, GOC:jid]",3018,121,38,20972,0.3140495867768595,0.012591119946984758,query_1,['GO:0048856']
GO:BP,GO:0009888,tissue development,0.0007494810004250482,True,"""The process whose specific outcome is the progression of a tissue over time, from its formation to the mature structure."" [ISBN:0471245208]",2014,121,29,20972,0.2396694214876033,0.014399205561072492,query_1,['GO:0048856']
GO:BP,GO:0048731,system development,0.0007494810004250482,True,"""The process whose specific outcome is the progression of an organismal system over time, from its formation to the mature structure. A system is a regularly interacting or interdependent group of organs or tissues that work together to carry out a given biological process."" [GOC:dph, GOC:jid]",4023,121,45,20972,0.371900826446281,0.011185682326621925,query_1,"['GO:0007275', 'GO:0048856']"
GO:BP,GO:0007399,nervous system development,0.0007494810004250482,True,"""The process whose specific outcome is the progression of nervous tissue over time, from its formation to its mature state."" [GOC:dgh]",2597,121,34,20972,0.2809917355371901,0.013092029264536002,query_1,['GO:0048731']
GO:BP,GO:0050919,negative chemotaxis,0.0014283770693417845,True,"""The directed movement of a motile cell or organism towards a lower concentration of a chemical."" [GOC:ai, GOC:bf, GOC:isa_complete]",45,121,5,20972,0.04132231404958678,0.1111111111111111,query_1,['GO:0006935']
REAC,REAC:R-HSA-5173214,O-glycosylation of TSR domain-containing proteins,0.00413854286394988,True,O-glycosylation of TSR domain-containing proteins,36,67,4,11056,0.05970149253731343,0.1111111111111111,query_1,['REAC:R-HSA-5173105']
REAC,REAC:R-HSA-5083635,Defective B3GALTL causes PpS,0.00413854286394988,True,Defective B3GALTL causes PpS,35,67,4,11056,0.05970149253731343,0.11428571428571428,query_1,['REAC:R-HSA-3906995']
REAC,REAC:R-HSA-3906995,Diseases associated with O-glycosylation of proteins,0.00413854286394988,True,Diseases associated with O-glycosylation of proteins,65,67,5,11056,0.07462686567164178,0.07692307692307693,query_1,['REAC:R-HSA-3781865']
REAC,REAC:R-HSA-5173105,O-linked glycosylation,0.00413854286394988,True,O-linked glycosylation,108,67,6,11056,0.08955223880597014,0.05555555555555555,query_1,['REAC:R-HSA-597592']
GO:BP,GO:0030509,BMP signaling pathway,0.00846356664981728,True,"""The series of molecular signals initiated by the binding of a member of the BMP (bone morphogenetic protein) family to a receptor on the surface of a target cell, and ending with the regulation of a downstream cellular process, e.g. transcription."" [GOC:signaling, ISBN:0878932437, PMID:17428827]",159,121,7,20972,0.05785123966942149,0.0440251572327044,query_1,"['GO:0071773', 'GO:0141091']"
GO:BP,GO:0048468,cell development,0.009816447667784334,True,"""The cellular developmental process in which a specific cell progresses from an immature to a mature state. Cell development start once cell commitment has taken place."" [GOC:go_curators]",2842,121,33,20972,0.2727272727272727,0.011611541168191415,query_1,"['GO:0030154', 'GO:0048856', 'GO:0048869']"
GO:BP,GO:0071772,response to BMP,0.010549236432882358,True,"""Any process that results in a change in state or activity of a cell or an organism (in terms of movement, secretion, enzyme production, gene expression, etc.) as a result of a bone morphogenetic protein (BMP) stimulus."" [GOC:mah, GOC:yaf]",171,121,7,20972,0.05785123966942149,0.04093567251461988,query_1,['GO:0070848']
GO:BP,GO:0071773,cellular response to BMP stimulus,0.010549236432882358,True,"""Any process that results in a change in state or activity of a cell (in terms of movement, secretion, enzyme production, gene expression, etc.) as a result of a bone morphogenetic protein (BMP) stimulus."" [GOC:mah, GOC:yaf]",171,121,7,20972,0.05785123966942149,0.04093567251461988,query_1,"['GO:0071363', 'GO:0071772']"
GO:BP,GO:0022008,neurogenesis,0.010549236432882358,True,"""Generation of cells within the nervous system."" [GO_REF:0000021, GOC:cls, GOC:curators, GOC:dgh, GOC:dph, GOC:jid]",1769,121,24,20972,0.19834710743801653,0.013566986998304126,query_1,"['GO:0007399', 'GO:0030154']"
GO:BP,GO:0030182,neuron differentiation,0.011613065780333161,True,"""The process in which a relatively unspecialized cell acquires specialized features of a neuron."" [GOC:mah]",1444,121,21,20972,0.17355371900826447,0.014542936288088643,query_1,"['GO:0030154', 'GO:0048699']"
GO:BP,GO:0033189,response to vitamin A,0.013054531976622229,True,"""Any process that results in a change in state or activity of a cell or an organism (in terms of movement, secretion, enzyme production, gene expression, etc.) as a result of a vitamin A stimulus."" [GOC:sl]",16,121,3,20972,0.024793388429752067,0.1875,query_1,"['GO:0033273', 'GO:0033993']"
GO:BP,GO:0060841,venous blood vessel development,0.013054531976622229,True,"""The progression of the venous blood vessel over time from its initial formation to the mature structure. Venous blood vessels carry blood back to the heart after the capillary bed."" [GOC:dph, GOC:sdb_2009, GOC:tb]",16,121,3,20972,0.024793388429752067,0.1875,query_1,['GO:0001568']
GO:BP,GO:0060485,mesenchyme development,0.013054531976622229,True,"""The process whose specific outcome is the progression of a mesenchymal tissue over time, from its formation to the mature structure. A mesenchymal tissue is made up of loosely packed stellate cells."" [GOC:dph]",319,121,9,20972,0.0743801652892562,0.02821316614420063,query_1,"['GO:0009888', 'GO:0048513']"
GO:BP,GO:0009611,response to wounding,0.014377835825319192,True,"""Any process that results in a change in state or activity of a cell or an organism (in terms of movement, secretion, enzyme production, gene expression, etc.) as a result of a stimulus indicating damage to the organism."" [GOC:go_curators]",570,121,12,20972,0.09917355371900827,0.021052631578947368,query_1,['GO:0006950']
REAC,REAC:R-HSA-9758920,Formation of lateral plate mesoderm,0.018285917632206744,True,Formation of lateral plate mesoderm,5,67,2,11056,0.029850746268656716,0.4,query_1,['REAC:R-HSA-9758941']
REAC,REAC:R-HSA-1474244,Extracellular matrix organization,0.018285917632206744,True,Extracellular matrix organization,298,67,8,11056,0.11940298507462686,0.026845637583892617,query_1,['REAC:0000000']
GO:BP,GO:0048699,generation of neurons,0.018958322086658878,True,"""The process in which nerve cells are generated. This includes the production of neuroblasts and their differentiation into neurons."" [GOC:nln]",1523,121,21,20972,0.17355371900826447,0.013788575180564675,query_1,['GO:0022008']
GO:BP,GO:0002689,negative regulation of leukocyte chemotaxis,0.01991742142885016,True,"""Any process that stops, prevents, or reduces the frequency, rate, or extent of leukocyte chemotaxis."" [GOC:add]",20,121,3,20972,0.024793388429752067,0.15,query_1,"['GO:0002686', 'GO:0002688', 'GO:0030595', 'GO:0050922']"
GO:BP,GO:0009855,determination of bilateral symmetry,0.01991742142885016,True,"""The establishment of an organism's body plan or part of an organism with respect to a single longitudinal plane. The pattern can either be symmetric, such that the halves are mirror images, or asymmetric where the pattern deviates from this symmetry."" [GOC:go_curators]",146,121,6,20972,0.049586776859504134,0.0410958904109589,query_1,['GO:0009799']
GO:BP,GO:0009799,specification of symmetry,0.01991742142885016,True,"""The establishment of an organism's body plan or part of an organism such that a similar arrangement in form and relationship of parts around a common axis, or around each side of a plane is created."" [GOC:go_curators]",146,121,6,20972,0.049586776859504134,0.0410958904109589,query_1,['GO:0007389']
GO:BP,GO:0021675,nerve development,0.01991742142885016,True,"""The process whose specific outcome is the progression of a nerve over time, from its formation to the mature structure."" [GO_REF:0000021, GOC:cls, GOC:dgh, GOC:dph, GOC:jid]",93,121,5,20972,0.04132231404958678,0.053763440860215055,query_1,"['GO:0007399', 'GO:0048856']"
GO:BP,GO:0060972,left/right pattern formation,0.01991742142885016,True,"""The pattern specification process that results in the subdivision of the left/right axis in space to define an area or volume in which specific patterns of cell differentiation will take place or in which cells interpret a specific environment."" [GOC:mtg_heart]",144,121,6,20972,0.049586776859504134,0.041666666666666664,query_1,['GO:0003002']
GO:BP,GO:0071363,cellular response to growth factor stimulus,0.020877173326212462,True,"""Any process that results in a change in state or activity of a cell (in terms of movement, secretion, enzyme production, gene expression, etc.) as a result of a growth factor stimulus."" [GOC:mah]",706,121,13,20972,0.10743801652892562,0.018413597733711047,query_1,"['GO:0070848', 'GO:0071495']"
GO:BP,GO:0003197,endocardial cushion development,0.020890438010104394,True,"""The progression of a cardiac cushion over time, from its initial formation to the mature structure. The endocardial cushion is a specialized region of mesenchymal cells that will give rise to the heart septa and valves."" [GOC:mtg_heart]",52,121,4,20972,0.03305785123966942,0.07692307692307693,query_1,"['GO:0007507', 'GO:0060485']"
GO:BP,GO:0070848,response to growth factor,0.025047563679723907,True,"""Any process that results in a change in state or activity of a cell or an organism (in terms of movement, secretion, enzyme production, gene expression, etc.) as a result of a growth factor stimulus."" [GOC:BHF, GOC:mah]",734,121,13,20972,0.10743801652892562,0.017711171662125342,query_1,['GO:0009719']
GO:BP,GO:0061162,establishment of monopolar cell polarity,0.025047563679723907,True,"""The specification and formation of monopolar intracellular organization or cell growth patterns. Monopolar cell organization is directional organization along an axis."" [GOC:dph, GOC:vw]",23,121,3,20972,0.024793388429752067,0.13043478260869565,query_1,"['GO:0030010', 'GO:0061339']"
GO:BP,GO:0001755,neural crest cell migration,0.025047563679723907,True,"""The characteristic movement of cells from the dorsal ridge of the neural tube to a variety of locations in a vertebrate embryo."" [GOC:ascb_2009, GOC:dph, GOC:tb, ISBN:0878932437]",57,121,4,20972,0.03305785123966942,0.07017543859649122,query_1,"['GO:0014032', 'GO:0090497']"
GO:BP,GO:0007165,signal transduction,0.025047563679723907,True,"""The cellular process in which a signal is conveyed to trigger a change in the activity or state of a cell. Signal transduction begins with reception of a signal (e.g. a ligand binding to a receptor or receptor activation by a stimulus such as light), or for signal transduction in the absence of ligand, signal-withdrawal or the activity of a constitutively active receptor. Signal transduction ends with regulation of a downstream cellular process, e.g. regulation of transcription or regulation of a metabolic process. Signal transduction covers signaling from receptors located on the surface of the cell and signaling via molecules located within the cell. For signaling between cells, signal transduction is restricted to events at and within the receiving cell."" [GOC:go_curators, GOC:mtg_signaling_feb11]",6063,121,53,20972,0.4380165289256198,0.008741547088899885,query_1,"['GO:0007154', 'GO:0009987', 'GO:0023052', 'GO:0050794', 'GO:0051716']"
GO:BP,GO:0042330,taxis,0.025047563679723907,True,"""The directed movement of a motile cell or organism in response to an external stimulus."" [GOC:jl, ISBN:0192801023]",458,121,10,20972,0.08264462809917356,0.021834061135371178,query_1,"['GO:0009605', 'GO:0040011']"
GO:BP,GO:0006935,chemotaxis,0.025047563679723907,True,"""The directed movement of a motile cell or organism, or the directed growth of a cell guided by a specific chemical concentration gradient. Movement may be towards a higher concentration (positive chemotaxis) or towards a lower concentration (negative chemotaxis)."" [ISBN:0198506732]",456,121,10,20972,0.08264462809917356,0.021929824561403508,query_1,"['GO:0042221', 'GO:0042330']"
GO:BP,GO:0061339,establishment or maintenance of monopolar cell polarity,0.025344088889483037,True,"""Any cellular process that results in the specification, formation or maintenance of monopolar intracellular organization or cell growth patterns. Monopolar cell organization is directional organization along an axis."" [GOC:dph, GOC:vw]",24,121,3,20972,0.024793388429752067,0.125,query_1,['GO:0007163']
GO:BP,GO:0023052,signaling,0.02568659813317255,True,"""The entirety of a process in which information is transmitted within a biological system. This process begins with an active signal and ends when a cellular response has been triggered."" [GOC:mtg_signal, GOC:mtg_signaling_feb11, GOC:signaling]",6558,121,56,20972,0.4628099173553719,0.008539188777066178,query_1,['GO:0050789']
GO:BP,GO:0007215,glutamate receptor signaling pathway,0.02568659813317255,True,"""The series of molecular signals initiated by the binding of glutamate to its receptor on the surface of a target cell, and ending with the regulation of a downstream cellular process, e.g. transcription."" [GOC:mah, GOC:signaling, PMID:9131252]",60,121,4,20972,0.03305785123966942,0.06666666666666667,query_1,['GO:0007166']
GO:BP,GO:0090497,mesenchymal cell migration,0.02568659813317255,True,"""The orderly movement of a mesenchymal cell from one site to another, often during the development of a multicellular organism."" [GOC:dph, GOC:tb]",59,121,4,20972,0.03305785123966942,0.06779661016949153,query_1,['GO:0001667']
GO:BP,GO:0030510,regulation of BMP signaling pathway,0.02568659813317255,True,"""Any process that modulates the frequency, rate or extent of the activity of any BMP receptor signaling pathway."" [GOC:mah]",107,121,5,20972,0.04132231404958678,0.04672897196261682,query_1,"['GO:0030509', 'GO:0090092', 'GO:0090287']"
GO:BP,GO:0048666,neuron development,0.02568659813317255,True,"""The process whose specific outcome is the progression of a neuron over time, from initial commitment of the cell to a specific fate, to the fully functional differentiated cell."" [GOC:dph]",1167,121,17,20972,0.14049586776859505,0.01456726649528706,query_1,"['GO:0030182', 'GO:0048468']"
GO:BP,GO:0007154,cell communication,0.027511290059776202,True,"""Any process that mediates interactions between a cell and its surroundings. Encompasses interactions such as signaling or attachment between one cell and another cell, between a cell and an extracellular matrix, or between a cell and any other aspect of its environment."" [GOC:mah]",6598,121,56,20972,0.4628099173553719,0.008487420430433464,query_1,['GO:0009987']
GO:BP,GO:0060042,retina morphogenesis in camera-type eye,0.037320745651399576,True,"""The process in which the anatomical structure of the retina is generated and organized."" [GOC:bf, GOC:dph, GOC:mtg_sensu]",67,121,4,20972,0.03305785123966942,0.05970149253731343,query_1,"['GO:0009653', 'GO:0048593', 'GO:0060041']"
GO:BP,GO:0120036,plasma membrane bounded cell projection organization,0.04225789399888404,True,"""A process that is carried out at the cellular level which results in the assembly, arrangement of constituent parts, or disassembly of a plasma membrane bounded prolongation or process extending from a cell, e.g. a cilium or axon."" [GOC:krc]",1582,121,20,20972,0.1652892561983471,0.012642225031605562,query_1,['GO:0030030']
GO:BP,GO:0040011,locomotion,0.0430425814846711,True,"""Self-propelled movement of a cell or organism from one location to another."" [GOC:dgh]",1236,121,17,20972,0.14049586776859505,0.013754045307443365,query_1,['GO:0008150']
GO:BP,GO:0009790,embryo development,0.04317067442151378,True,"""The process whose specific outcome is the progression of an embryo from its formation until the end of its embryonic life stage. The end of the embryonic stage is organism-specific. For example, for mammals, the process would begin with zygote formation and end with birth. For insects, the process would begin at zygote formation and end with larval hatching. For plant zygotic embryos, this would be from zygote formation to the end of seed dormancy. For plant vegetative embryos, this would be from the initial determination of the cell or group of cells to form an embryo until the point when the embryo becomes independent of the parent plant."" [GOC:go_curators, GOC:isa_complete, GOC:mtg_sensu]",1126,121,16,20972,0.1322314049586777,0.014209591474245116,query_1,['GO:0007275']
GO:BP,GO:0050896,response to stimulus,0.04369357194670322,True,"""Any process that results in a change in state or activity of a cell or an organism (in terms of movement, secretion, enzyme production, gene expression, etc.) as a result of a stimulus. The process begins with detection of the stimulus and ends with a change in state or activity or the cell or organism."" [GOC:ai, GOC:bf]",9051,121,70,20972,0.5785123966942148,0.007733952049497293,query_1,['GO:0008150']
GO:BP,GO:0003281,ventricular septum development,0.04623141087278691,True,"""The progression of the ventricular septum over time from its formation to the mature structure."" [GOC:mtg_heart]",73,121,4,20972,0.03305785123966942,0.0547945205479452,query_1,"['GO:0003231', 'GO:0003279']"
GO:BP,GO:0003231,cardiac ventricle development,0.04727637360743264,True,"""The process whose specific outcome is the progression of a cardiac ventricle over time, from its formation to the mature structure. A cardiac ventricle receives blood from a cardiac atrium and pumps it out of the heart."" [GOC:mtg_heart]",128,121,5,20972,0.04132231404958678,0.0390625,query_1,['GO:0003205']
GO:BP,GO:0021591,ventricular system development,0.04727637360743264,True,"""The process whose specific outcome is the progression of the brain ventricular system over time, from its formation to the mature structure. The brain ventricular system consists of four communicating cavities within the brain that are continuous with the central canal of the spinal cord. These cavities include two lateral ventricles, the third ventricle and the fourth ventricle. Cerebrospinal fluid fills the ventricles and is produced by the choroid plexus."" [GO_REF:0000021, GOC:cls, GOC:dgh, GOC:dph, GOC:jid, ISBN:0838580343]",33,121,3,20972,0.024793388429752067,0.09090909090909091,query_1,"['GO:0007420', 'GO:0048731']"
GO:BP,GO:0051716,cellular response to stimulus,0.04727637360743264,True,"""Any process that results in a change in state or activity of a cell (in terms of movement, secretion, enzyme production, gene expression, etc.) as a result of a stimulus. The process begins with detection of the stimulus by a cell and ends with a change in state or activity or the cell."" [GOC:bf, GOC:jl]",7425,121,60,20972,0.49586776859504134,0.00808080808080808,query_1,"['GO:0009987', 'GO:0050896']"
GO:BP,GO:0023051,regulation of signaling,0.049209846827251574,True,"""Any process that modulates the frequency, rate or extent of a signaling process."" [GOC:mtg_signal]",3473,121,34,20972,0.2809917355371901,0.009789807083213361,query_1,"['GO:0023052', 'GO:0050789']"
GO:BP,GO:0030030,cell projection organization,0.049209846827251574,True,"""A process that is carried out at the cellular level which results in the assembly, arrangement of constituent parts, or disassembly of a prolongation or process extending from a cell, e.g. a flagellum or axon."" [GOC:jl, GOC:mah, PMID:16318917]",1628,121,20,20972,0.1652892561983471,0.012285012285012284,query_1,['GO:0016043']
GO:BP,GO:0010646,regulation of cell communication,0.049209846827251574,True,"""Any process that modulates the frequency, rate or extent of cell communication. Cell communication is the process that mediates interactions between a cell and its surroundings. Encompasses interactions such as signaling or attachment between one cell and another cell, between a cell and an extracellular matrix, or between a cell and any other aspect of its environment."" [GOC:dph, GOC:tb]",3480,121,34,20972,0.2809917355371901,0.009770114942528735,query_1,"['GO:0007154', 'GO:0050794']"
