Database,Term ID,Pathway/Term,p-value,significant,description,Term Size,query_size,Overlap N,effective_domain_size,Precision,Recall,query,parents,p-adj (FDR)
GO:BP,GO:0003012,muscle system process,2.477788741340992e-10,True,"""An organ system process carried out at the level of a muscle. Muscle tissue is composed of contractile cells or fibers."" [GOC:mtg_cardio]",428,139,22,20972,0.15827338129496402,0.0514018691588785,query_1,['GO:0003008'],6.590918051967039e-08
KEGG,KEGG:04820,Cytoskeleton in muscle cells,8.453486496547943e-09,True,Cytoskeleton in muscle cells,233,84,17,8716,0.20238095238095238,0.07296137339055794,query_1,['KEGG:00000'],1.1243137040408765e-06
REAC,REAC:R-HSA-397014,Muscle contraction,3.496144264775279e-08,True,Muscle contraction,203,90,15,11056,0.16666666666666666,0.07389162561576355,query_1,['REAC:0000000'],3.0999145814340807e-06
REAC,REAC:R-HSA-390522,Striated Muscle Contraction,8.345265081744635e-08,True,Striated Muscle Contraction,36,90,8,11056,0.08888888888888889,0.2222222222222222,query_1,['REAC:R-HSA-397014'],3.1160154324719684e-06
GO:BP,GO:0003015,heart process,8.553097157494684e-08,True,"""A circulatory system process carried out by the heart. The heart is a hollow, muscular organ, which, by contracting rhythmically, keeps up the circulation of the blood. The heart is a hollow, muscular organ, which, by contracting rhythmically, keeps up the circulation of the blood."" [GOC:mtg_cardio]",251,139,15,20972,0.1079136690647482,0.05976095617529881,query_1,['GO:0003013'],3.1160154324719684e-06
GO:BP,GO:0060047,heart contraction,8.553097157494684e-08,True,"""The multicellular organismal process in which the heart decreases in volume in a characteristic way to propel blood through the body."" [GOC:dph]",242,139,15,20972,0.1079136690647482,0.06198347107438017,query_1,"['GO:0003015', 'GO:0008015']",3.1160154324719684e-06
GO:BP,GO:0006936,muscle contraction,8.553097157494684e-08,True,"""A process in which force is generated within muscle tissue, resulting in a change in muscle geometry. Force generation involves a chemo-mechanical energy conversion step that is carried out by the actin/myosin complex activity, which generates force through ATP hydrolysis."" [GOC:ef, GOC:mtg_muscle, ISBN:0198506732]",340,139,17,20972,0.1223021582733813,0.05,query_1,['GO:0003012'],3.1160154324719684e-06
GO:BP,GO:0048856,anatomical structure development,1.019867569679794e-07,True,"""The biological process whose specific outcome is the progression of an anatomical structure from an initial condition to its mature state. This process begins with the formation of the structure and ends with the mature structure, whatever form that may be including its natural destruction. An anatomical structure is any biological entity that occupies space and is distinguished from its surroundings. Anatomical structures can be macroscopic such as a carpel, or microscopic such as an acrosome."" [GO_REF:0000021]",5948,139,75,20972,0.539568345323741,0.012609280430396773,query_1,['GO:0032502'],3.1160154324719684e-06
GO:BP,GO:0048731,system development,1.0542909357987863e-07,True,"""The process whose specific outcome is the progression of an organismal system over time, from its formation to the mature structure. A system is a regularly interacting or interdependent group of organs or tissues that work together to carry out a given biological process."" [GOC:dph, GOC:jid]",4023,139,59,20972,0.4244604316546763,0.01466567238379319,query_1,"['GO:0007275', 'GO:0048856']",3.1160154324719684e-06
GO:BP,GO:0032502,developmental process,3.48823496007559e-07,True,"""A biological process whose specific outcome is the progression of an integrated living unit: an anatomical structure (which may be a subcellular structure, cell, tissue, or organ), or organism over time from an initial condition to a later condition."" [GOC:isa_complete]",6535,139,78,20972,0.5611510791366906,0.011935730680948737,query_1,['GO:0008150'],9.278704993801069e-06
GO:BP,GO:0048513,animal organ development,2.133381473103216e-06,True,"""Development of a tissue or tissues that work together to perform a specific function or functions. Development pertains to the process whose specific outcome is the progression of a structure over time, from its formation to the mature structure. Organs are commonly observed as visibly distinct structures, but may also exist as loosely associated clusters of cells that work together to perform a specific function or functions."" [GOC:dph, GOC:jid]",3018,139,47,20972,0.3381294964028777,0.015573227302849569,query_1,['GO:0048856'],5.1589042895041404e-05
GO:BP,GO:0002026,regulation of the force of heart contraction,3.4544148001137292e-06,True,"""Any process that modulates the extent of heart contraction, changing the force with which blood is propelled."" [GOC:dph, GOC:tb, PMID:10358008]",25,139,6,20972,0.04316546762589928,0.24,query_1,"['GO:0008016', 'GO:0065008']",7.068264129463476e-05
GO:BP,GO:0007275,multicellular organism development,3.4544148001137292e-06,True,"""The biological process whose specific outcome is the progression of a multicellular organism over time from an initial condition (e.g. a zygote or a young adult) to a later condition (e.g. a multicellular animal or an aged adult)."" [GOC:dph, GOC:ems, GOC:isa_complete, GOC:tb]",4690,139,61,20972,0.43884892086330934,0.01300639658848614,query_1,"['GO:0032501', 'GO:0048856']",7.068264129463476e-05
GO:BP,GO:0030239,myofibril assembly,4.9656727326935475e-06,True,"""Formation of myofibrils, the repeating units of striated muscle."" [GOC:mah]",70,139,8,20972,0.05755395683453238,0.11428571428571428,query_1,"['GO:0010927', 'GO:0031032', 'GO:0055002', 'GO:0097435', 'GO:0140694']",9.43477819211774e-05
GO:BP,GO:0061061,muscle structure development,2.352479006474296e-05,True,"""The progression of a muscle structure over time, from its formation to its mature state. Muscle structures are contractile cells, tissues or organs that are found in multicellular organisms."" [GOC:dph]",673,139,19,20972,0.1366906474820144,0.02823179791976226,query_1,['GO:0048856'],0.000389895791829773
GO:BP,GO:0008016,regulation of heart contraction,2.4588985242944452e-05,True,"""Any process that modulates the frequency, rate or extent of heart contraction. Heart contraction is the process in which the heart decreases in volume in a characteristic way to propel blood through the body."" [GOC:dph, GOC:go_curators, GOC:tb]",204,139,11,20972,0.07913669064748201,0.05392156862745098,query_1,"['GO:0060047', 'GO:1903522']",0.000389895791829773
GO:BP,GO:0055002,striated muscle cell development,2.4918152109421583e-05,True,"""The process whose specific outcome is the progression of a striated muscle cell over time, from its formation to the mature structure. Striated muscle cells contain fibers that are divided by transverse bands into striations, and cardiac and skeletal muscle are types of striated muscle."" [CL:0000737, GOC:devbiol]",162,139,10,20972,0.07194244604316546,0.06172839506172839,query_1,"['GO:0051146', 'GO:0055001']",0.000389895791829773
GO:MF,GO:0008092,cytoskeletal protein binding,4.615805396977411e-05,True,"""Binding to a protein component of a cytoskeleton (actin, microtubule, or intermediate filament cytoskeleton)."" [GOC:mah]",996,140,24,20208,0.17142857142857143,0.024096385542168676,query_1,['GO:0005515'],0.0006383638188852611
GO:BP,GO:0042391,regulation of membrane potential,4.712958180359485e-05,True,"""Any process that modulates the establishment or extent of a membrane potential, the electric potential existing across any membrane arising from charges in the membrane itself and from the charges present in the media on either side of the membrane."" [GOC:jl, GOC:mtg_cardio, GOC:tb, ISBN:0198506732]",443,139,15,20972,0.1079136690647482,0.033860045146726865,query_1,['GO:0065008'],0.0006383638188852611
GO:BP,GO:0008015,blood circulation,4.939542076386278e-05,True,"""The flow of blood through the body of an animal, enabling the transport of nutrients to the tissues and the removal of waste products."" [GOC:mtg_heart, ISBN:0192800825]",511,139,16,20972,0.11510791366906475,0.03131115459882583,query_1,['GO:0003013'],0.0006383638188852611
GO:BP,GO:0048738,cardiac muscle tissue development,5.0397143596204824e-05,True,"""The process whose specific outcome is the progression of cardiac muscle over time, from its formation to the mature structure."" [GOC:dph, GOC:jid, GOC:lm]",225,139,11,20972,0.07913669064748201,0.04888888888888889,query_1,"['GO:0007507', 'GO:0014706']",0.0006383638188852611
GO:BP,GO:0060048,cardiac muscle contraction,5.618425615847196e-05,True,"""Muscle contraction of cardiac muscle tissue."" [GOC:dph]",139,139,9,20972,0.06474820143884892,0.06474820143884892,query_1,"['GO:0006941', 'GO:0060047']",0.0006793187335524338
GO:BP,GO:0043500,muscle adaptation,6.168858062091725e-05,True,"""A process in which muscle adapts, with consequent modifications to structural and/or functional phenotypes, in response to a stimulus. Stimuli include contractile activity, loading conditions, substrate supply, and environmental factors. These adaptive events occur in both muscle fibers and associated structures (motoneurons and capillaries), and they involve alterations in regulatory mechanisms, contractile properties and metabolic capacities."" [GOC:mtg_muscle, PMID:11181628, PMID:11449884, PMID:12605307]",104,139,8,20972,0.05755395683453238,0.07692307692307693,query_1,"['GO:0003012', 'GO:0050896']",0.0006826776383045803
GO:BP,GO:0014706,striated muscle tissue development,6.168858062091725e-05,True,"""The process whose specific outcome is the progression of a striated muscle over time, from its formation to the mature structure. Striated muscle contain fibers that are divided by transverse bands into striations, and cardiac and skeletal muscle are types of striated muscle. Skeletal muscle myoblasts fuse to form myotubes and eventually multinucleated muscle fibers. The fusion of cardiac cells is very rare and can only form binucleate cells."" [CL:0000737, GOC:dph, GOC:mtg_muscle]",399,139,14,20972,0.10071942446043165,0.03508771929824561,query_1,['GO:0060537'],0.0006826776383045803
GO:BP,GO:0014888,striated muscle adaptation,6.416143217148311e-05,True,"""Any process in which striated muscle adapts, with consequent modifications to structural and/or functional phenotypes, in response to a stimulus. Stimuli include contractile activity, loading conditions, substrate supply, and environmental factors. These adaptive events occur in both muscle fibers and associated structures (motoneurons and capillaries), and they involve alterations in regulatory mechanisms, contractile properties and metabolic capacities."" [GOC:mtg_muscle]",45,139,6,20972,0.04316546762589928,0.13333333333333333,query_1,['GO:0043500'],0.0006826776383045803
GO:BP,GO:0055001,muscle cell development,6.96489124895555e-05,True,"""The process whose specific outcome is the progression of a muscle cell over time, from its formation to the mature structure. Muscle cell development does not include the steps involved in committing an unspecified cell to the muscle cell fate."" [CL:0000187, GOC:devbiol]",190,139,10,20972,0.07194244604316546,0.05263157894736842,query_1,"['GO:0042692', 'GO:0048468']",0.0007008969828348526
GO:BP,GO:0044057,regulation of system process,7.377862977208974e-05,True,"""Any process that modulates the frequency, rate or extent of a system process, a multicellular organismal process carried out by any of the organs or tissues in an organ system."" [GOC:jl]",543,139,16,20972,0.11510791366906475,0.029465930018416207,query_1,"['GO:0003008', 'GO:0051239']",0.0007008969828348526
GO:BP,GO:0032501,multicellular organismal process,7.377862977208974e-05,True,"""Any biological process, occurring at the level of a multicellular organism, pertinent to its function."" [GOC:curators, GOC:dph, GOC:isa_complete, GOC:tb]",7337,139,77,20972,0.5539568345323741,0.010494752623688156,query_1,['GO:0008150'],0.0007008969828348526
GO:BP,GO:0055013,cardiac muscle cell development,8.484473632650818e-05,True,"""The process whose specific outcome is the progression of a cardiac muscle cell over time, from its formation to the mature state."" [GOC:devbiol, GOC:mtg_heart]",77,139,7,20972,0.050359712230215826,0.09090909090909091,query_1,"['GO:0055002', 'GO:0055006', 'GO:0055007']",0.0007659338802952359
GO:BP,GO:0060537,muscle tissue development,8.638352033404915e-05,True,"""The progression of muscle tissue over time, from its initial formation to its mature state. Muscle tissue is a contractile tissue made up of actin and myosin fibers."" [GOC:dph]",421,139,14,20972,0.10071942446043165,0.0332541567695962,query_1,['GO:0009888'],0.0007659338802952359
GO:BP,GO:0031032,actomyosin structure organization,9.932751827466684e-05,True,"""A process that is carried out at the cellular level which results in the assembly, arrangement of constituent parts, or disassembly of cytoskeletal structures containing both actin and myosin or paramyosin. The myosin may be organized into filaments."" [GOC:dph, GOC:jl, GOC:mah]",202,139,10,20972,0.07194244604316546,0.04950495049504951,query_1,['GO:0030036'],0.0008440651371009025
GO:BP,GO:1903522,regulation of blood circulation,0.00010154167062868,True,"""Any process that modulates the frequency, rate or extent of blood circulation."" [GO_REF:0000058, GOC:mr, GOC:TermGenie, PMID:10659969]",254,139,11,20972,0.07913669064748201,0.04330708661417323,query_1,"['GO:0008015', 'GO:0044057']",0.0008440651371009025
GO:BP,GO:0055006,cardiac cell development,0.00012217757006213452,True,"""The process whose specific outcome is the progression of a cardiac cell over time, from its formation to the mature state. A cardiac cell is a cell that will form part of the cardiac organ of an individual."" [GOC:devbiol]",83,139,7,20972,0.050359712230215826,0.08433734939759036,query_1,"['GO:0035051', 'GO:0048468']",0.0009788707565459044
GO:BP,GO:0014897,striated muscle hypertrophy,0.00012813465474964563,True,"""The enlargement or overgrowth of all or part of an organ due to an increase in size of muscle cells without cell division. In the case of striated muscle, this happens due to the additional synthesis of sarcomeric proteins and assembly of myofibrils."" [GOC:mtg_muscle]",84,139,7,20972,0.050359712230215826,0.08333333333333333,query_1,['GO:0014896'],0.0009788707565459044
GO:BP,GO:0007399,nervous system development,0.00012879878375604006,True,"""The process whose specific outcome is the progression of nervous tissue over time, from its formation to its mature state."" [GOC:dgh]",2597,139,38,20972,0.2733812949640288,0.014632268001540239,query_1,['GO:0048731'],0.0009788707565459044
KEGG,KEGG:04260,Cardiac muscle contraction,0.00013376716990233322,True,Cardiac muscle contraction,87,84,8,8716,0.09523809523809523,0.09195402298850575,query_1,['KEGG:00000'],0.0009883907553894622
GO:BP,GO:0014896,muscle hypertrophy,0.00014094626772663738,True,"""The muscle system process that results in enlargement or overgrowth of all or part of a muscle organ due to an increase in the size of its muscle cells. Physiological hypertrophy is a normal process during development (it stops in cardiac muscle after adolescence) and can also be brought on in response to demand. In athletes cardiac and skeletal muscles undergo hypertrophy stimulated by increasing muscle activity on exercise. Smooth muscle cells in the uterus undergo hypertrophy during pregnancy."" [GOC:mtg_muscle]",86,139,7,20972,0.050359712230215826,0.08139534883720931,query_1,['GO:0003012'],0.0010132893841969066
GO:BP,GO:0003013,circulatory system process,0.00017661769905406751,True,"""An organ system process carried out by any of the organs or tissues of the circulatory system. The circulatory system is an organ system that moves extracellular fluids to and from tissue within a multicellular organism."" [GOC:mtg_cardio]",595,139,16,20972,0.11510791366906475,0.02689075630252101,query_1,['GO:0003008'],0.0011779814631854685
GO:MF,GO:0017022,myosin binding,0.00017766817080912544,True,"""Binding to a myosin; myosins are any of a superfamily of molecular motor proteins that bind to actin and use the energy of ATP hydrolysis to generate force and movement along actin filaments."" [GOC:mah]",72,140,7,20208,0.05,0.09722222222222222,query_1,['GO:0008092'],0.0011779814631854685
GO:BP,GO:0032989,cellular anatomical entity morphogenesis,0.00018156857139324889,True,"""The process in which a cellular entity is generated and organized. A cellular entity has granularity above the level of a protein complex but below that of an anatomical system."" [GOC:dph, GOC:mah, GOC:tb]",129,139,8,20972,0.05755395683453238,0.06201550387596899,query_1,['GO:0016043'],0.0011779814631854685
GO:BP,GO:0010927,cellular component assembly involved in morphogenesis,0.00018156857139324889,True,"""The cellular component assembly that is part of the initial shaping of the component during its developmental progression."" [GOC:dph, GOC:tb]",129,139,8,20972,0.05755395683453238,0.06201550387596899,query_1,"['GO:0022607', 'GO:0032989', 'GO:0048646']",0.0011779814631854685
GO:BP,GO:0051146,striated muscle cell differentiation,0.0002510667422869692,True,"""The process in which a relatively unspecialized cell acquires specialized features of a striated muscle cell; striated muscle fibers are divided by transverse bands into striations, and cardiac and voluntary muscle are types of striated muscle."" [CL:0000737, GOC:ai]",287,139,11,20972,0.07913669064748201,0.03832752613240418,query_1,['GO:0042692'],0.0015531105453100884
GO:BP,GO:0006941,striated muscle contraction,0.0002510667422869692,True,"""A process in which force is generated within striated muscle tissue, resulting in the shortening of the muscle. Force generation involves a chemo-mechanical energy conversion step that is carried out by the actin/myosin complex activity, which generates force through ATP hydrolysis. Striated muscle is a type of muscle in which the repeating units (sarcomeres) of the contractile myofibrils are arranged in registry throughout the cell, resulting in transverse or oblique striations observable at the level of the light microscope."" [GOC:jl, GOC:mtg_muscle, ISBN:0198506732]",181,139,9,20972,0.06474820143884892,0.049723756906077346,query_1,['GO:0006936'],0.0015531105453100884
GO:BP,GO:0000819,sister chromatid segregation,0.00027513276507530496,True,"""The cell cycle process in which sister chromatids are organized and then physically separated and apportioned to two or more sets."" [GOC:ai, GOC:elh]",235,139,10,20972,0.07194244604316546,0.0425531914893617,query_1,"['GO:0051276', 'GO:0098813']",0.00166330262522798
GO:MF,GO:0046982,protein heterodimerization activity,0.00029314423945621393,True,"""Binding to a nonidentical protein to form a heterodimer."" [GOC:ai]",366,140,13,20208,0.09285714285714286,0.03551912568306011,query_1,['GO:0046983'],0.0017328081710078424
GO:BP,GO:0003008,system process,0.0003164339869955768,True,"""A multicellular organismal process carried out by any of the organs or tissues in an organ system. An organ system is a regularly interacting or interdependent group of organs or tissues that work together to carry out a biological objective."" [GOC:mtg_cardio]",2290,139,34,20972,0.2446043165467626,0.014847161572052401,query_1,['GO:0032501'],0.0018298139248005094
GO:BP,GO:0000070,mitotic sister chromatid segregation,0.0004033229505083817,True,"""The cell cycle process in which replicated homologous chromosomes are organized and then physically separated and apportioned to two sets during the mitotic cell cycle. Each replicated chromosome, composed of two sister chromatids, aligns at the cell equator, paired with its homologous partner. One homolog of each morphologic type goes into each of the resulting chromosome sets."" [GOC:ai, GOC:jl]",194,139,9,20972,0.06474820143884892,0.04639175257731959,query_1,"['GO:0000819', 'GO:0140014', 'GO:1903047']",0.00228263627308999
GO:BP,GO:0033275,actin-myosin filament sliding,0.0004349824179571025,True,"""The sliding movement of actin thin filaments and myosin thick filaments past each other."" [GOC:pf]",19,139,4,20972,0.02877697841726619,0.21052631578947367,query_1,['GO:0070252'],0.002392603471362175
GO:BP,GO:0140694,membraneless organelle assembly,0.0004407427447246112,True,"""The aggregation, arrangement and bonding together of a set of components to form a non-membrane-bounded organelle."" [PMID:28225081]",436,139,13,20972,0.09352517985611511,0.02981651376146789,query_1,['GO:0070925'],0.002392603471362175
KEGG,KEGG:04261,Adrenergic signaling in cardiomyocytes,0.0006250964068281795,True,Adrenergic signaling in cardiomyocytes,153,84,9,8716,0.10714285714285714,0.058823529411764705,query_1,['KEGG:00000'],0.0032603067493391326
KEGG,KEGG:04814,Motor proteins,0.0006250964068281795,True,Motor proteins,194,84,10,8716,0.11904761904761904,0.05154639175257732,query_1,['KEGG:00000'],0.0032603067493391326
GO:BP,GO:0055007,cardiac muscle cell differentiation,0.0006498892848109606,True,"""The process in which a cardiac muscle precursor cell acquires specialized features of a cardiac muscle cell. Cardiac muscle cells are striated muscle cells that are responsible for heart contraction."" [GOC:devbiol, GOC:mtg_heart]",113,139,7,20972,0.050359712230215826,0.061946902654867256,query_1,"['GO:0035051', 'GO:0048738', 'GO:0051146']",0.003324433649225298
GO:BP,GO:0098813,nuclear chromosome segregation,0.0006658673885397017,True,"""The process in which genetic material, in the form of nuclear chromosomes, is organized into specific structures and then physically separated and apportioned to two or more sets. Nuclear chromosome segregation begins with the condensation of chromosomes, includes chromosome separation, and ends when chromosomes have completed movement to the spindle poles."" [GOC:dos]",324,139,11,20972,0.07913669064748201,0.033950617283950615,query_1,['GO:0007059'],0.0033419004783313334
GO:BP,GO:0070252,actin-mediated cell contraction,0.0006968161418862732,True,"""The actin filament-based process in which cytoplasmic actin filaments slide past one another resulting in contraction of all or part of the cell body."" [GOC:mah]",115,139,7,20972,0.050359712230215826,0.06086956521739131,query_1,['GO:0030048'],0.003432464698921271
GO:MF,GO:0000146,microfilament motor activity,0.0007218906121769642,True,"""A motor activity that generates movement along a microfilament, driven by ATP hydrolysis."" [PMID:29716949]",37,140,5,20208,0.03571428571428571,0.13513513513513514,query_1,"['GO:0003774', 'GO:0120544', 'GO:0140657']",0.0034913255061649537
GO:BP,GO:0007088,regulation of mitotic nuclear division,0.0009394954872194564,True,"""Any process that modulates the frequency, rate or extent of mitosis."" [GOC:go_curators]",121,139,7,20972,0.050359712230215826,0.05785123966942149,query_1,"['GO:0007346', 'GO:0010564', 'GO:0051783', 'GO:0140014']",0.0036143506233083187
GO:BP,GO:0003300,cardiac muscle hypertrophy,0.0009394954872194564,True,"""The enlargement or overgrowth of all or part of the heart muscle due to an increase in size of cardiac muscle cells without cell division."" [GOC:mtg_heart]",81,139,6,20972,0.04316546762589928,0.07407407407407407,query_1,['GO:0014897'],0.0036143506233083187
GO:BP,GO:0007094,mitotic spindle assembly checkpoint signaling,0.0009532988211059819,True,"""A mitotic cell cycle checkpoint that delays mitotic sister chromatid separation and consequently the mitotic metaphase/anaphase transition until the spindle is correctly assembled and chromosomes are attached to the spindle. Spindle assembly checkpoint signaling begins with the activated Mph family kinase, and results in the inhibition of the Anaphase Promoting Complex and its activator Sleepy/Cdc20 by the mitotic checkpoint complex (MCC)."" [GOC:mtg_cell_cycle, PMID:12360190]",49,139,5,20972,0.03597122302158273,0.10204081632653061,query_1,"['GO:0045841', 'GO:0071173', 'GO:0071174']",0.0036143506233083187
GO:BP,GO:0071173,spindle assembly checkpoint signaling,0.0009532988211059819,True,"""A signaling process that delays the metaphase/anaphase transition until the spindle is correctly assembled and chromosomes are attached to the spindle."" [GOC:mah]",49,139,5,20972,0.03597122302158273,0.10204081632653061,query_1,['GO:0031577'],0.0036143506233083187
GO:BP,GO:0001508,action potential,0.0009532988211059819,True,"""A process in which membrane potential cycles through a depolarizing spike, triggered in response to depolarization above some threshold, followed by repolarization. This cycle is driven by the flow of ions through various voltage gated channels with different thresholds and ion specificities."" [GOC:dph, GOC:go_curators, GOC:tb, ISBN:978-0-07-139011-8]",170,139,8,20972,0.05755395683453238,0.047058823529411764,query_1,['GO:0042391'],0.0036143506233083187
GO:BP,GO:0071174,mitotic spindle checkpoint signaling,0.0009532988211059819,True,"""A signaling process that contributes to a mitotic cell cycle checkpoint that originates from the spindle and delays the metaphase/anaphase transition of a mitotic nuclear division until the spindle is correctly assembled and oriented, the completion of anaphase until chromosomes are attached to the spindle, or mitotic exit and cytokinesis when the spindle does not form."" [GOC:mtg_cell_cycle]",49,139,5,20972,0.03597122302158273,0.10204081632653061,query_1,"['GO:0007093', 'GO:0031577']",0.0036143506233083187
GO:BP,GO:0003299,muscle hypertrophy in response to stress,0.0009647326851687618,True,"""The enlargement or overgrowth of all or part of a muscle organ or tissue due to an increase in the size of its muscle cells as a result of a disturbance in organismal or cellular homeostasis."" [GOC:mtg_heart]",25,139,4,20972,0.02877697841726619,0.16,query_1,"['GO:0006950', 'GO:0014896', 'GO:0043500']",0.0036143506233083187
GO:BP,GO:0014898,cardiac muscle hypertrophy in response to stress,0.0009647326851687618,True,"""The physiological enlargement or overgrowth of all or part of the heart muscle due to an increase in size (not length) of individual cardiac muscle fibers, without cell division, as a result of a disturbance in organismal or cellular homeostasis."" [GOC:BHF, GOC:mtg_cardiac_conduct_nov11, GOC:mtg_muscle]",25,139,4,20972,0.02877697841726619,0.16,query_1,"['GO:0003299', 'GO:0003300', 'GO:0014887']",0.0036143506233083187
GO:BP,GO:0014887,cardiac muscle adaptation,0.0009647326851687618,True,"""The process in which cardiac muscle adapts, with consequent modifications to structural and/or functional phenotypes, in response to a stimulus. Stimuli include contractile activity, loading conditions, substrate supply, and environmental factors."" [GOC:mtg_muscle]",25,139,4,20972,0.02877697841726619,0.16,query_1,['GO:0014888'],0.0036143506233083187
GO:BP,GO:0033048,negative regulation of mitotic sister chromatid segregation,0.0009647326851687618,True,"""Any process that stops, prevents, or reduces the frequency, rate or extent of sister chromatid segregation during mitosis."" [GOC:mah]",51,139,5,20972,0.03597122302158273,0.09803921568627451,query_1,"['GO:0000070', 'GO:0033046', 'GO:0033047']",0.0036143506233083187
GO:BP,GO:0045841,negative regulation of mitotic metaphase/anaphase transition,0.0009647326851687618,True,"""Any process that stops, prevents, or reduces the frequency, rate or extent of the cell cycle process in which a cell progresses from metaphase to anaphase during mitosis, triggered by the activation of the anaphase promoting complex by Cdc20/Sleepy homolog which results in the degradation of Securin."" [GOC:go_curators]",51,139,5,20972,0.03597122302158273,0.09803921568627451,query_1,"['GO:0007091', 'GO:0030071', 'GO:0045839', 'GO:1901991', 'GO:1902100', 'GO:2000816']",0.0036143506233083187
GO:BP,GO:0072359,circulatory system development,0.0009647326851687618,True,"""The process whose specific outcome is the progression of the circulatory system over time, from its formation to the mature structure. The circulatory system is the organ system that passes nutrients (such as amino acids and electrolytes), gases, hormones, blood cells, etc. to and from cells in the body to help fight diseases and help stabilize body temperature and pH to maintain homeostasis."" [GOC:mah, UBERON:0001009]",1135,139,21,20972,0.1510791366906475,0.018502202643171806,query_1,['GO:0048731'],0.0036143506233083187
GO:BP,GO:0140014,mitotic nuclear division,0.0009647326851687618,True,"""A mitotic cell cycle process comprising the steps by which the nucleus of a eukaryotic cell divides; the process involves condensation of chromosomal DNA into a highly compacted form. Canonically, mitosis produces two daughter nuclei whose chromosome complement is identical to that of the mother cell."" [ISBN:0198547684]",283,139,10,20972,0.07194244604316546,0.0353356890459364,query_1,"['GO:0000280', 'GO:1903047']",0.0036143506233083187
GO:BP,GO:2000816,negative regulation of mitotic sister chromatid separation,0.0009647326851687618,True,"""Any process that stops, prevents or reduces the frequency, rate or extent of mitotic sister chromatid separation."" [GOC:obol]",51,139,5,20972,0.03597122302158273,0.09803921568627451,query_1,"['GO:0010965', 'GO:0033048', 'GO:0051306', 'GO:1905819']",0.0036143506233083187
GO:BP,GO:0033046,negative regulation of sister chromatid segregation,0.0009647326851687618,True,"""Any process that stops, prevents, or reduces the frequency, rate or extent of sister chromatid segregation."" [GOC:mah]",51,139,5,20972,0.03597122302158273,0.09803921568627451,query_1,"['GO:0000819', 'GO:0033045', 'GO:0051985', 'GO:2001251']",0.0036143506233083187
GO:BP,GO:0031577,spindle checkpoint signaling,0.0009647326851687618,True,"""A signaling process that that controls a cell cycle checkpoint that originates from the mitotic or meiotic spindle."" [GOC:mtg_cell_cycle]",50,139,5,20972,0.03597122302158273,0.1,query_1,['GO:0000075'],0.0036143506233083187
GO:MF,GO:0008307,structural constituent of muscle,0.0010961300556502256,True,"""The action of a molecule that contributes to the structural integrity of a muscle fiber."" [GOC:mah]",42,140,5,20208,0.03571428571428571,0.11904761904761904,query_1,['GO:0005198'],0.003941887659872587
GO:BP,GO:1902100,negative regulation of metaphase/anaphase transition of cell cycle,0.001111434490565579,True,"""Any process that stops, prevents or reduces the frequency, rate or extent of metaphase/anaphase transition of cell cycle."" [GOC:mtg_cell_cycle, GOC:TermGenie]",53,139,5,20972,0.03597122302158273,0.09433962264150944,query_1,"['GO:0044784', 'GO:1901988', 'GO:1902099']",0.003941887659872587
GO:BP,GO:0051985,negative regulation of chromosome segregation,0.001111434490565579,True,"""Any process that stops, prevents, or reduces the frequency, rate or extent of chromosome segregation, the process in which genetic material, in the form of chromosomes, is organized and then physically separated and apportioned to two or more sets."" [GOC:ai]",53,139,5,20972,0.03597122302158273,0.09433962264150944,query_1,"['GO:0007059', 'GO:0010948', 'GO:0051983']",0.003941887659872587
GO:BP,GO:1905819,negative regulation of chromosome separation,0.001111434490565579,True,"""Any process that stops, prevents or reduces the frequency, rate or extent of chromosome separation."" [GO_REF:0000058, GOC:bhm, GOC:TermGenie, PMID:21795393]",53,139,5,20972,0.03597122302158273,0.09433962264150944,query_1,"['GO:0051304', 'GO:0051985', 'GO:1905818']",0.003941887659872587
GO:BP,GO:0051983,regulation of chromosome segregation,0.0011819431716493516,True,"""Any process that modulates the frequency, rate or extent of chromosome segregation, the process in which genetic material, in the form of chromosomes, is organized and then physically separated and apportioned to two or more sets."" [GOC:ai]",132,139,7,20972,0.050359712230215826,0.05303030303030303,query_1,"['GO:0007059', 'GO:0010564']",0.00413680110077273
GO:BP,GO:0007517,muscle organ development,0.0012371299456031039,True,"""The process whose specific outcome is the progression of the muscle over time, from its formation to the mature structure. The muscle is an organ consisting of a tissue made up of various elongated cells that are specialized to contract and thus to produce movement and mechanical work."" [GOC:jid, ISBN:0198506732]",362,139,11,20972,0.07913669064748201,0.03038674033149171,query_1,"['GO:0048513', 'GO:0061061']",0.004273721630265268
GO:BP,GO:0065008,regulation of biological quality,0.001321922510698743,True,"""Any process that modulates a qualitative or quantitative trait of a biological quality. A biological quality is a measurable attribute of an organism or part of an organism, such as size, mass, shape, color, etc."" [GOC:dph, GOC:isa_complete, GOC:mah, GOC:pr, GOC:vw]",2963,139,38,20972,0.2733812949640288,0.01282483968950388,query_1,['GO:0065007'],0.004508094715972636
GO:BP,GO:0030048,actin filament-based movement,0.0014137638588787235,True,"""Movement of organelles or other particles along actin filaments, or sliding of actin filaments past each other, mediated by motor proteins."" [GOC:BHF, GOC:mah]",137,139,7,20972,0.050359712230215826,0.051094890510948905,query_1,['GO:0030029'],0.004700764830771756
GO:BP,GO:0030071,regulation of mitotic metaphase/anaphase transition,0.0014137638588787235,True,"""Any process that modulates the frequency, rate or extent of the cell cycle process in which a cell progresses from metaphase to anaphase during mitosis, triggered by the activation of the anaphase promoting complex by Cdc20/Sleepy homolog which results in the degradation of Securin."" [GOC:mah]",93,139,6,20972,0.04316546762589928,0.06451612903225806,query_1,"['GO:0007091', 'GO:1901990', 'GO:1902099']",0.004700764830771756
GO:BP,GO:0033047,regulation of mitotic sister chromatid segregation,0.0014515189866531207,True,"""Any process that modulates the frequency, rate or extent of sister chromatid segregation during mitosis."" [GOC:mah]",57,139,5,20972,0.03597122302158273,0.08771929824561403,query_1,"['GO:0000070', 'GO:0033045']",0.004718779398462468
GO:BP,GO:0007507,heart development,0.001495778722164388,True,"""The process whose specific outcome is the progression of the heart over time, from its formation to the mature structure. The heart is a hollow, muscular organ, which, by contracting rhythmically, keeps up the circulation of the blood."" [GOC:jid, UBERON:0000948]",591,139,14,20972,0.10071942446043165,0.023688663282571912,query_1,"['GO:0048513', 'GO:0072359']",0.004718779398462468
GO:BP,GO:0006942,regulation of striated muscle contraction,0.0015223907257615066,True,"""Any process that modulates the frequency, rate or extent of striated muscle contraction."" [GOC:go_curators]",95,139,6,20972,0.04316546762589928,0.06315789473684211,query_1,"['GO:0006937', 'GO:0006941']",0.004718779398462468
GO:BP,GO:0048869,cellular developmental process,0.0015302269474677522,True,"""A biological process whose specific outcome is the progression of a cell over time from an initial condition to a later condition."" [GOC:isa_complete]",4444,139,50,20972,0.3597122302158273,0.011251125112511251,query_1,"['GO:0009987', 'GO:0032502']",0.004718779398462468
GO:BP,GO:0030154,cell differentiation,0.0015302269474677522,True,"""The cellular developmental process in which a relatively unspecialized cell, e.g. embryonic or regenerative cell, acquires specialized structural and/or functional features that characterize a specific cell. Differentiation includes the processes involved in commitment of a cell to a specific fate and its subsequent development to the mature state."" [ISBN:0198506732]",4443,139,50,20972,0.3597122302158273,0.011253657438667568,query_1,['GO:0048869'],0.004718779398462468
GO:BP,GO:1902099,regulation of metaphase/anaphase transition of cell cycle,0.0015505108056111528,True,"""Any process that modulates the frequency, rate or extent of metaphase/anaphase transition of cell cycle."" [GOC:mtg_cell_cycle, GOC:TermGenie]",96,139,6,20972,0.04316546762589928,0.0625,query_1,"['GO:0033045', 'GO:0044784', 'GO:1901987']",0.004718779398462468
GO:BP,GO:0045839,negative regulation of mitotic nuclear division,0.0015610999513710419,True,"""Any process that stops, prevents or reduces the rate or extent of mitosis. Mitosis is the division of the eukaryotic cell nucleus to produce two daughter nuclei that, usually, contain the identical chromosome complement to their mother."" [GOC:dph, GOC:go_curators, GOC:tb]",59,139,5,20972,0.03597122302158273,0.0847457627118644,query_1,"['GO:0007088', 'GO:0010948', 'GO:0045930', 'GO:0051784', 'GO:0140014']",0.004718779398462468
GO:BP,GO:0055008,cardiac muscle tissue morphogenesis,0.0015610999513710419,True,"""The process in which the anatomical structures of cardiac muscle tissue are generated and organized."" [GOC:devbiol]",59,139,5,20972,0.03597122302158273,0.0847457627118644,query_1,"['GO:0003007', 'GO:0048738', 'GO:0060415']",0.004718779398462468
GO:BP,GO:0007091,metaphase/anaphase transition of mitotic cell cycle,0.0015805953966505886,True,"""The cell cycle process in which a cell progresses from metaphase to anaphase during mitosis, triggered by the activation of the anaphase promoting complex by Cdc20/Sleepy homolog which results in the degradation of Securin."" [GOC:mtg_cell_cycle, PMID:10465783]",97,139,6,20972,0.04316546762589928,0.061855670103092786,query_1,"['GO:0044772', 'GO:0044784']",0.004724026691112996
GO:BP,GO:0051783,regulation of nuclear division,0.0018425415672528851,True,"""Any process that modulates the frequency, rate or extent of nuclear division, the partitioning of the nucleus and its genetic information."" [GOC:ai]",147,139,7,20972,0.050359712230215826,0.047619047619047616,query_1,"['GO:0000280', 'GO:0033043']",0.005214000605204973
GO:BP,GO:0035051,cardiocyte differentiation,0.0018425415672528851,True,"""The process in which a relatively unspecialized cell acquires the specialized structural and/or functional features of a cell that will form part of the cardiac organ of an individual."" [GOC:bf]",147,139,7,20972,0.050359712230215826,0.047619047619047616,query_1,"['GO:0007507', 'GO:0030154']",0.005214000605204973
GO:BP,GO:0044784,metaphase/anaphase transition of cell cycle,0.0018425415672528851,True,"""The cell cycle process in which a cell progresses from metaphase to anaphase as part of the cell cycle."" [GOC:mtg_cell_cycle]",100,139,6,20972,0.04316546762589928,0.06,query_1,"['GO:0033045', 'GO:0044770']",0.005214000605204973
GO:BP,GO:0010965,regulation of mitotic sister chromatid separation,0.0018425415672528851,True,"""Any process that modulates the frequency, rate or extent of mitotic sister chromatid separation. Mitotic sister chromatid separation is the process in which sister chromatids are physically detached from each other during mitosis."" [GOC:dph, GOC:tb]",62,139,5,20972,0.03597122302158273,0.08064516129032258,query_1,"['GO:0051306', 'GO:1905818']",0.005214000605204973
GO:BP,GO:0042692,muscle cell differentiation,0.0018425415672528851,True,"""The process in which a relatively unspecialized cell acquires specialized features of a muscle cell."" [CL:0000187, GOC:go_curators]",388,139,11,20972,0.07913669064748201,0.028350515463917526,query_1,"['GO:0030154', 'GO:0061061']",0.005214000605204973
GO:BP,GO:0051784,negative regulation of nuclear division,0.0022601126907825695,True,"""Any process that stops, prevents, or reduces the frequency, rate or extent of nuclear division, the partitioning of the nucleus and its genetic information."" [GOC:ai]",65,139,5,20972,0.03597122302158273,0.07692307692307693,query_1,"['GO:0000280', 'GO:0010639', 'GO:0051783']",0.006262395580710037
GO:BP,GO:0051306,mitotic sister chromatid separation,0.0022601126907825695,True,"""The process in which sister chromatids are physically detached from each other during mitosis."" [GOC:ai]",65,139,5,20972,0.03597122302158273,0.07692307692307693,query_1,"['GO:0000070', 'GO:0051304', 'GO:1903047']",0.006262395580710037
GO:BP,GO:0007512,adult heart development,0.0024278813333410295,True,"""The process whose specific outcome is the progression of the adult heart over time, from its formation to the mature structure."" [GOC:bf]",13,139,3,20972,0.02158273381294964,0.23076923076923078,query_1,['GO:0007507'],0.0065689092913389915
GO:BP,GO:0097435,supramolecular fiber organization,0.0024448196234682714,True,"""A process that is carried out at the cellular level which results in the assembly, arrangement of constituent parts, or disassembly of a supramolecular fiber, a polymer consisting of an indefinite number of protein or protein complex subunits that have polymerised to form a fiber-shaped structure."" [GOC:pr]",798,139,16,20972,0.11510791366906475,0.020050125313283207,query_1,['GO:0016043'],0.0065689092913389915
GO:BP,GO:0033045,regulation of sister chromatid segregation,0.0024448196234682714,True,"""Any process that modulates the frequency, rate or extent of sister chromatid segregation."" [GOC:mah]",107,139,6,20972,0.04316546762589928,0.056074766355140186,query_1,"['GO:0000819', 'GO:0033044', 'GO:0051983']",0.0065689092913389915
GO:BP,GO:0060415,muscle tissue morphogenesis,0.003080120967230105,True,"""The process in which the anatomical structures of muscle tissue are generated and organized. Muscle tissue consists of a set of cells that are part of an organ and carry out a contractive function."" [GOC:dph]",70,139,5,20972,0.03597122302158273,0.07142857142857142,query_1,"['GO:0048644', 'GO:0048729']",0.008156989832839079
GO:BP,GO:0030029,actin filament-based process,0.0030972029064539356,True,"""Any cellular process that depends upon or alters the actin cytoskeleton, that part of the cytoskeleton comprising actin filaments and their associated proteins."" [GOC:mah]",816,139,16,20972,0.11510791366906475,0.0196078431372549,query_1,['GO:0009987'],0.008156989832839079
REAC,REAC:R-HSA-69278,"Cell Cycle, Mitotic",0.003886012560922794,True,"Cell Cycle, Mitotic",549,90,15,11056,0.16666666666666666,0.0273224043715847,query_1,['REAC:R-HSA-1640170'],0.010035721759276342
REAC,REAC:R-HSA-2299718,Condensation of Prophase Chromosomes,0.003886012560922794,True,Condensation of Prophase Chromosomes,72,90,6,11056,0.06666666666666667,0.08333333333333333,query_1,['REAC:R-HSA-68875'],0.010035721759276342
GO:BP,GO:0090257,regulation of muscle system process,0.003987076149825038,True,"""Any process that modulates the frequency, rate or extent of a muscle system process, a multicellular organismal process carried out by any of the organs or tissues in a muscle system."" [GOC:dph, GOC:tb]",226,139,8,20972,0.05755395683453238,0.035398230088495575,query_1,"['GO:0003012', 'GO:0044057']",0.01019771399859096
GO:BP,GO:0007059,chromosome segregation,0.004296749251474746,True,"""The process in which genetic material, in the form of chromosomes, is organized into specific structures and then physically separated and apportioned to two or more sets. In eukaryotes, chromosome segregation begins with the condensation of chromosomes, includes chromosome separation, and ends when chromosomes have completed movement to the spindle poles."" [GOC:jl, GOC:mah, GOC:mtg_cell_cycle, GOC:vw]",432,139,11,20972,0.07913669064748201,0.02546296296296296,query_1,['GO:0022402'],0.010885098103736024
GO:BP,GO:1905818,regulation of chromosome separation,0.004636791434149635,True,"""Any process that modulates the frequency, rate or extent of chromosome separation."" [GO_REF:0000058, GOC:bhm, GOC:TermGenie, PMID:21795393]",77,139,5,20972,0.03597122302158273,0.06493506493506493,query_1,"['GO:0051304', 'GO:0051983']",0.011635721900790595
GO:BP,GO:0006813,potassium ion transport,0.004847463673965319,True,"""The directed movement of potassium ions (K+) into, out of or within a cell, or between cells, by means of some agent such as a transporter or pore."" [GOC:ai]",234,139,8,20972,0.05755395683453238,0.03418803418803419,query_1,['GO:0030001'],0.011939123493284952
GO:BP,GO:0048644,muscle organ morphogenesis,0.004847463673965319,True,"""The process in which the anatomical structures of muscle are generated and organized."" [GOC:jid]",78,139,5,20972,0.03597122302158273,0.0641025641025641,query_1,"['GO:0007517', 'GO:0009887']",0.011939123493284952
GO:BP,GO:0140115,export across plasma membrane,0.005019431758423188,True,"""The directed movement of some substance from inside of a cell, across the plasma membrane and into the extracellular region."" [GOC:pg]",79,139,5,20972,0.03597122302158273,0.06329113924050633,query_1,"['GO:0055085', 'GO:0140352']",0.012137898615823345
GO:BP,GO:0030049,muscle filament sliding,0.005019431758423188,True,"""The sliding of actin thin filaments and myosin thick filaments past each other in muscle contraction. This involves a process of interaction of myosin located on a thick filament with actin located on a thin filament. During this process ATP is split and forces are generated."" [GOC:mah, GOC:mtg_muscle, ISBN:0815316194]",17,139,3,20972,0.02158273381294964,0.17647058823529413,query_1,"['GO:0006936', 'GO:0033275']",0.012137898615823345
GO:BP,GO:0022411,cellular component disassembly,0.005115741686829986,True,"""A cellular process that results in the breakdown of a cellular component."" [GOC:isa_complete]",444,139,11,20972,0.07913669064748201,0.024774774774774775,query_1,['GO:0016043'],0.012259344943214201
GO:MF,GO:0030527,structural constituent of chromatin,0.005584380176890213,True,"""The action of a molecule that contributes to the structural integrity of chromatin."" [GOC:ai]",101,140,6,20208,0.04285714285714286,0.0594059405940594,query_1,['GO:0005198'],0.01314553209781236
GO:MF,GO:0003779,actin binding,0.005584380176890213,True,"""Binding to monomeric or multimeric forms of actin, including actin filaments."" [GOC:clt]",447,140,12,20208,0.08571428571428572,0.026845637583892617,query_1,['GO:0008092'],0.01314553209781236
GO:BP,GO:0000280,nuclear division,0.005685301275226695,True,"""The division of a cell nucleus into two nuclei, with DNA and other nuclear contents distributed between the daughter nuclei."" [GOC:mah]",450,139,11,20972,0.07913669064748201,0.024444444444444446,query_1,['GO:0048285'],0.013179912206171677
GO:BP,GO:0030198,extracellular matrix organization,0.00573933287467368,True,"""A process that is carried out at the cellular level which results in the assembly, arrangement of constituent parts, or disassembly of an extracellular matrix."" [GOC:mah]",307,139,9,20972,0.06474820143884892,0.029315960912052116,query_1,"['GO:0043062', 'GO:0045229']",0.013179912206171677
GO:BP,GO:0043062,extracellular structure organization,0.005821105900472145,True,"""A process that is carried out at the cellular level which results in the assembly, arrangement of constituent parts, or disassembly of structures in the space external to the outermost structure of a cell. For cells without external protective or external encapsulating structures this refers to space outside of the plasma membrane, and also covers the host cell environment outside an intracellular parasite."" [GOC:ai, GOC:dph, GOC:jl, GOC:mah]",308,139,9,20972,0.06474820143884892,0.02922077922077922,query_1,['GO:0016043'],0.013179912206171677
GO:BP,GO:0030574,collagen catabolic process,0.005846727971158864,True,"""The proteolytic chemical reactions and pathways resulting in the breakdown of collagen in the extracellular matrix, usually carried out by proteases secreted by nearby cells."" [GOC:mah, ISBN:0815316194]",45,139,4,20972,0.02877697841726619,0.08888888888888889,query_1,"['GO:0009056', 'GO:0032963']",0.013179912206171677
GO:BP,GO:0045229,external encapsulating structure organization,0.005846727971158864,True,"""A process that is carried out at the cellular level which results in the assembly, arrangement of constituent parts, or disassembly of external structures that lie outside the plasma membrane and surround the entire cell."" [GOC:ai, GOC:dph, GOC:jl, GOC:mah]",309,139,9,20972,0.06474820143884892,0.02912621359223301,query_1,['GO:0016043'],0.013179912206171677
GO:BP,GO:0051304,chromosome separation,0.006224664492636624,True,"""The cell cycle process in which paired chromosomes are detached from each other. Chromosome separation begins with the release of cohesin complexes from chromosomes; in budding yeast, this includes the cleavage of cohesin complexes along the chromosome arms, followed by the separation of the centromeric regions. Chromosome separation also includes formation of chromatid axes mediated by condensins, and ends with the disentangling of inter-sister catenation catalyzed by topoisomerase II (topo II)."" [GOC:ai, GOC:lb, GOC:mah, GOC:mtg_cell_cycle, PMID:20352243]",84,139,5,20972,0.03597122302158273,0.05952380952380952,query_1,"['GO:0007059', 'GO:0022402']",0.013757266916513978
GO:BP,GO:0045214,sarcomere organization,0.006224664492636624,True,"""The myofibril assembly process that results in the organization of muscle actomyosin into sarcomeres. The sarcomere is the repeating unit of a myofibril in a muscle cell, composed of an array of overlapping thick and thin filaments between two adjacent Z discs."" [GOC:bf]",46,139,4,20972,0.02877697841726619,0.08695652173913043,query_1,"['GO:0030239', 'GO:0031032']",0.013757266916513978
GO:MF,GO:0046983,protein dimerization activity,0.006258004875557111,True,"""The formation of a protein dimer, a macromolecular structure consists of two noncovalently associated identical or nonidentical subunits."" [ISBN:0198506732]",1122,140,20,20208,0.14285714285714285,0.017825311942959002,query_1,['GO:0005515'],0.013757266916513978
GO:BP,GO:0055003,cardiac myofibril assembly,0.006421549819663959,True,"""The process whose specific outcome is the progression of the cardiac myofibril over time, from its formation to the mature structure. A cardiac myofibril is a myofibril specific to cardiac muscle cells."" [GOC:devbiol]",19,139,3,20972,0.02158273381294964,0.15789473684210525,query_1,"['GO:0030239', 'GO:0055013']",0.0138872540815497
GO:BP,GO:0007076,mitotic chromosome condensation,0.006421549819663959,True,"""The cell cycle process in which chromatin structure is compacted prior to and during mitosis in eukaryotic cells."" [GOC:mah, ISBN:0815316194]",19,139,3,20972,0.02158273381294964,0.15789473684210525,query_1,"['GO:0000070', 'GO:0030261', 'GO:1903047']",0.0138872540815497
GO:BP,GO:0055010,ventricular cardiac muscle tissue morphogenesis,0.006580901065597785,True,"""The process in which the anatomical structures of cardiac ventricle muscle is generated and organized."" [GOC:devbiol]",47,139,4,20972,0.02877697841726619,0.0851063829787234,query_1,"['GO:0003208', 'GO:0003229', 'GO:0055008']",0.01411709422136299
GO:BP,GO:0009888,tissue development,0.007313145250972247,True,"""The process whose specific outcome is the progression of a tissue over time, from its formation to the mature structure."" [ISBN:0471245208]",2014,139,27,20972,0.19424460431654678,0.013406156901688183,query_1,['GO:0048856'],0.015438862196496967
GO:BP,GO:0097623,potassium ion export across plasma membrane,0.007313145250972247,True,"""The directed movement of potassium ions from inside of a cell, across the plasma membrane and into the extracellular region."" [GOC:vw, PMID:11932440]",20,139,3,20972,0.02158273381294964,0.15,query_1,"['GO:0071805', 'GO:0140115']",0.015438862196496967
GO:BP,GO:0007093,mitotic cell cycle checkpoint signaling,0.007441783831953727,True,"""A signaling process that ensures accurate chromosome replication and segregation by preventing progression through a mitotic cell cycle until conditions are suitable for the cell to proceed to the next stage."" [GOC:mtg_cell_cycle]",137,139,6,20972,0.04316546762589928,0.043795620437956206,query_1,"['GO:0000075', 'GO:0045930', 'GO:1903047']",0.01547125064589622
GO:BP,GO:0009653,anatomical structure morphogenesis,0.007512653386674704,True,"""The process in which anatomical structures are generated and organized. Morphogenesis pertains to the creation of form."" [GOC:go_curators, ISBN:0521436125]",2699,139,33,20972,0.23741007194244604,0.012226750648388292,query_1,"['GO:0032502', 'GO:0048856']",0.01547125064589622
REAC,REAC:R-HSA-418990,Adherens junctions interactions,0.007619300130121823,True,Adherens junctions interactions,55,90,5,11056,0.05555555555555555,0.09090909090909091,query_1,['REAC:R-HSA-421270'],0.01547125064589622
REAC,REAC:R-HSA-3214815,HDACs deacetylate histones,0.007619300130121823,True,HDACs deacetylate histones,94,90,6,11056,0.06666666666666667,0.06382978723404255,query_1,['REAC:R-HSA-3247509'],0.01547125064589622
REAC,REAC:R-HSA-1640170,Cell Cycle,0.007619300130121823,True,Cell Cycle,680,90,16,11056,0.17777777777777778,0.023529411764705882,query_1,['REAC:0000000'],0.01547125064589622
GO:BP,GO:1901990,regulation of mitotic cell cycle phase transition,0.008079296062443378,True,"""Any process that modulates the frequency, rate or extent of mitotic cell cycle phase transition."" [GOC:mtg_cell_cycle, GOC:TermGenie, PMID:22841721]",327,139,9,20972,0.06474820143884892,0.027522935779816515,query_1,"['GO:0007346', 'GO:0044772', 'GO:1901987']",0.016121872165796684
GO:BP,GO:0043501,skeletal muscle adaptation,0.008121544624875021,True,"""Any process in which skeletal muscles change their phenotypic profiles in response to altered functional demands and a variety of signals."" [GOC:mtg_muscle, PMID:11181628, PMID:11449884, PMID:12605307]",21,139,3,20972,0.02158273381294964,0.14285714285714285,query_1,['GO:0014888'],0.016121872165796684
GO:BP,GO:0036376,sodium ion export across plasma membrane,0.008121544624875021,True,"""The directed movement of sodium ions from inside of a cell, across the plasma membrane and into the extracellular region."" [GOC:vw, PMID:14674689]",21,139,3,20972,0.02158273381294964,0.14285714285714285,query_1,"['GO:0035725', 'GO:0140115']",0.016121872165796684
GO:BP,GO:0048519,negative regulation of biological process,0.008399186370076398,True,"""Any process that stops, prevents, or reduces the frequency, rate or extent of a biological process. Biological processes are regulated by many means; examples include the control of gene expression, protein modification or interaction with a protein or substrate molecule."" [GOC:jid]",5753,139,57,20972,0.41007194244604317,0.009907874152616026,query_1,"['GO:0008150', 'GO:0050789']",0.016549507958817197
GO:MF,GO:0003774,cytoskeletal motor activity,0.008909397117953181,True,"""Generation of force resulting in movement, for example along a microfilament or microtubule, or in torque resulting in membrane scission or rotation of a flagellum. The energy required is obtained either from the hydrolysis of a nucleoside triphosphate or by an electrochemical proton gradient (proton-motive force)."" [GOC:mah, GOC:vw, PMID:11242086, PMID:29716949]",115,140,6,20208,0.04285714285714286,0.05217391304347826,query_1,['GO:0003674'],0.017425732598349605
GO:BP,GO:0090131,mesenchyme migration,0.009730969714531232,True,"""The process in which the population of cells that make up a mesenchyme undergo directed movement."" [GOC:ascb_2009, GOC:dph, GOC:tb]",5,139,2,20972,0.014388489208633094,0.4,query_1,"['GO:0072132', 'GO:0090130']",0.018621855712700055
GO:BP,GO:0051301,cell division,0.009730969714531232,True,"""The process resulting in division and partitioning of components of a cell to form more cells; may or may not be accompanied by the physical separation of a cell into distinct, individually membrane-bounded daughter cells."" [GOC:di, GOC:go_curators, GOC:pr]",656,139,13,20972,0.09352517985611511,0.019817073170731708,query_1,['GO:0009987'],0.018621855712700055
GO:BP,GO:0007346,regulation of mitotic cell cycle,0.009730969714531232,True,"""Any process that modulates the rate or extent of progress through the mitotic cell cycle."" [GOC:dph, GOC:go_curators, GOC:tb]",489,139,11,20972,0.07913669064748201,0.022494887525562373,query_1,"['GO:0000278', 'GO:0051726']",0.018621855712700055
REAC,REAC:R-HSA-1442490,Collagen degradation,0.009869446106243428,True,Collagen degradation,64,90,5,11056,0.05555555555555555,0.078125,query_1,['REAC:R-HSA-1474228'],0.018751947601862513
GO:BP,GO:1903047,mitotic cell cycle process,0.010096025521610303,True,"""A process that is part of the mitotic cell cycle."" [GO_REF:0000060, GOC:mtg_cell_cycle, GOC:TermGenie]",747,139,14,20972,0.10071942446043165,0.018741633199464525,query_1,"['GO:0000278', 'GO:0022402']",0.01894783212859104
GO:BP,GO:0051276,chromosome organization,0.01011500812879672,True,"""A process that is carried out at the cellular level that results in the assembly, arrangement of constituent parts, or disassembly of chromosomes, structures composed of a very long molecule of DNA and associated proteins that carries hereditary information. This term covers covalent modifications at the molecular level as well as spatial relationships among the major components of a chromosome."" [GOC:ai, GOC:dph, GOC:jl, GOC:mah]",575,139,12,20972,0.08633093525179857,0.020869565217391306,query_1,['GO:0006996'],0.01894783212859104
GO:BP,GO:2001251,negative regulation of chromosome organization,0.010372184800250418,True,"""Any process that stops, prevents or reduces the frequency, rate or extent of chromosome organization."" [GOC:obol]",97,139,5,20972,0.03597122302158273,0.05154639175257732,query_1,"['GO:0010639', 'GO:0033044', 'GO:0051276']",0.019293714383682596
GO:MF,GO:0120544,polypeptide conformation or assembly isomerase activity,0.010587627407996094,True,"""Catalysis of a reaction that alters the conformation or assembly of a polypeptide."" [EC:5.6.1.-]",121,140,6,20208,0.04285714285714286,0.049586776859504134,query_1,['GO:0120543'],0.019469694197884066
GO:BP,GO:0048285,organelle fission,0.01061317916801951,True,"""The creation of two or more organelles by division of one organelle."" [GOC:jid]",497,139,11,20972,0.07913669064748201,0.022132796780684104,query_1,['GO:0006996'],0.019469694197884066
GO:BP,GO:0021700,developmental maturation,0.011082445572779296,True,"""A developmental process, independent of morphogenetic (shape) change, that is required for an anatomical structure, cell or cellular component to attain its fully functional state."" [GO_REF:0000021, GOC:cls, GOC:dgh, GOC:dph, GOC:jid]",346,139,9,20972,0.06474820143884892,0.02601156069364162,query_1,['GO:0032502'],0.020191304947666387
REAC,REAC:R-HSA-156711,Polo-like kinase mediated events,0.01162164579582118,True,Polo-like kinase mediated events,15,90,3,11056,0.03333333333333333,0.2,query_1,['REAC:R-HSA-69275'],0.021029644773390706
KEGG,KEGG:05410,Hypertrophic cardiomyopathy,0.011737584392266923,True,Hypertrophic cardiomyopathy,99,84,6,8716,0.07142857142857142,0.06060606060606061,query_1,['KEGG:00000'],0.02109592870502028
GO:BP,GO:0044772,mitotic cell cycle phase transition,0.012029914955142641,True,"""The cell cycle process by which a cell commits to entering the next mitotic cell cycle phase."" [GOC:mtg_cell_cycle]",426,139,10,20972,0.07194244604316546,0.023474178403755867,query_1,"['GO:0044770', 'GO:1903047']",0.02147622401387881
KEGG,KEGG:05414,Dilated cardiomyopathy,0.01274845206455325,True,Dilated cardiomyopathy,104,84,6,8716,0.07142857142857142,0.057692307692307696,query_1,['KEGG:00000'],0.02260725499447443
GO:BP,GO:0010389,regulation of G2/M transition of mitotic cell cycle,0.013702345372252981,True,"""Any signaling pathway that modulates the activity of a cell cycle cyclin-dependent protein kinase to modulate the switch from G2 phase to M phase of the mitotic cell cycle."" [GOC:mtg_cell_cycle, PMID:17329565]",104,139,5,20972,0.03597122302158273,0.04807692307692308,query_1,"['GO:0000086', 'GO:1901990', 'GO:1902749']",0.023979104401442717
GO:BP,GO:0030240,skeletal muscle thin filament assembly,0.013702345372252981,True,"""The aggregation, arrangement and bonding together of proteins to form the actin-based thin filaments of myofibrils in skeletal muscle."" [GOC:ef, GOC:mah, GOC:mtg_muscle]",6,139,2,20972,0.014388489208633094,0.3333333333333333,query_1,"['GO:0007015', 'GO:0014866']",0.023979104401442717
GO:MF,GO:0004252,serine-type endopeptidase activity,0.014554729651158733,True,"""Catalysis of the hydrolysis of internal, alpha-peptide bonds in a polypeptide chain by a catalytic mechanism that involves a catalytic triad consisting of a serine nucleophile that is activated by a proton relay involving an acidic residue (e.g. aspartate or glutamate) and a basic residue (usually histidine)."" [GOC:mah, https://www.ebi.ac.uk/merops/about/glossary.shtml#CATTYPE]",184,140,7,20208,0.05,0.03804347826086957,query_1,"['GO:0004175', 'GO:0008236']",0.025227556676048195
REAC,REAC:R-HSA-9610379,HCMV Late Events,0.014629151341241172,True,HCMV Late Events,113,90,6,11056,0.06666666666666667,0.05309734513274336,query_1,['REAC:R-HSA-9609646'],0.025227556676048195
GO:BP,GO:0051310,metaphase chromosome alignment,0.014824518129642259,True,"""A chromosome localization process whereby chromosomes are positioned in a specific order and orientation at the metaphase plate (spindle equator), during chromosome segregation. This alignment ensures that each daughter cell will receive the correct number of chromosomes during cell division."" [GOC:vw]",106,139,5,20972,0.03597122302158273,0.04716981132075472,query_1,"['GO:0050000', 'GO:0098813']",0.025227556676048195
GO:BP,GO:0003229,ventricular cardiac muscle tissue development,0.01488994886518634,True,"""The process whose specific outcome is the progression of ventricular cardiac muscle over time, from its formation to the mature structure."" [GOC:mtg_heart]",61,139,4,20972,0.02877697841726619,0.06557377049180328,query_1,['GO:0048738'],0.025227556676048195
GO:BP,GO:0022617,extracellular matrix disassembly,0.01488994886518634,True,"""A process that results in the breakdown of the extracellular matrix."" [GOC:jid]",61,139,4,20972,0.02877697841726619,0.06557377049180328,query_1,"['GO:0022411', 'GO:0030198']",0.025227556676048195
GO:BP,GO:0006937,regulation of muscle contraction,0.015329347737832259,True,"""Any process that modulates the frequency, rate or extent of muscle contraction."" [GOC:go_curators]",162,139,6,20972,0.04316546762589928,0.037037037037037035,query_1,"['GO:0006936', 'GO:0090257']",0.025807636064958107
GO:BP,GO:0048468,cell development,0.016103187280778815,True,"""The cellular developmental process in which a specific cell progresses from an immature to a mature state. Cell development start once cell commitment has taken place."" [GOC:go_curators]",2842,139,33,20972,0.23741007194244604,0.011611541168191415,query_1,"['GO:0030154', 'GO:0048856', 'GO:0048869']",0.026939923375390973
GO:BP,GO:0065007,biological regulation,0.01634981892284517,True,"""Any process that modulates a measurable attribute of any biological process, quality or function."" [GOC:dph, GOC:isa_complete, GOC:mah, GOC:pr, GOC:vw]",12804,139,103,20972,0.7410071942446043,0.008044361137144643,query_1,['GO:0008150'],0.0271815739592301
GO:MF,GO:0044325,transmembrane transporter binding,0.017896755861925844,True,"""Binding to a transmembrane transporter, a protein or protein complex that enables the transfer of a substance, usually a specific substance or a group of related substances, from one side of a membrane to the other."" [GOC:BHF, GOC:jl, PMID:33199372]",139,140,6,20208,0.04285714285714286,0.04316546762589928,query_1,['GO:0005515'],0.029179028935097398
GO:MF,GO:0051373,FATZ binding,0.017896755861925844,True,"""Binding to a member of the FATZ family of proteins, filamin-, actinin-, and telethonin-binding proteins of the Z-disc of striated muscle. FATZ proteins are located in the Z-disc of the sarcomere and are involved in a complex network of interactions with other Z-band components."" [PMID:10984498, PMID:11699871]",5,140,2,20208,0.014285714285714285,0.4,query_1,['GO:0008092'],0.029179028935097398
GO:MF,GO:0097109,neuroligin family protein binding,0.017896755861925844,True,"""Binding to a member of the neuroligin protein family, neuronal cell surface proteins that mediate synapse formation."" [GOC:BHF, GOC:pr, GOC:sjp, PMID:21424692]",5,140,2,20208,0.014285714285714285,0.4,query_1,['GO:0005102'],0.029179028935097398
GO:BP,GO:0086036,regulation of cardiac muscle cell membrane potential,0.017990077990060048,True,"""Any process that modulates the establishment or extent of a membrane potential in a cardiac muscle cell (a cardiomyocyte). A membrane potential is the electric potential existing across any membrane arising from charges in the membrane itself and from the charges present in the media on either side of the membrane."" [GOC:BHF, GOC:mtg_cardiac_conduct_nov11]",7,139,2,20972,0.014388489208633094,0.2857142857142857,query_1,['GO:0042391'],0.029179028935097398
GO:MF,GO:0008236,serine-type peptidase activity,0.018157372242930667,True,"""Catalysis of the hydrolysis of peptide bonds in a polypeptide chain by a catalytic mechanism that involves a catalytic triad consisting of a serine nucleophile that is activated by a proton relay involving an acidic residue (e.g. aspartate or glutamate) and a basic residue (usually histidine)."" [https://www.ebi.ac.uk/merops/about/glossary.shtml#CATTYPE]",201,140,7,20208,0.05,0.03482587064676617,query_1,"['GO:0008233', 'GO:0017171']",0.02920565318098654
GO:BP,GO:0007080,mitotic metaphase chromosome alignment,0.018226084315954006,True,"""A chromosome localization process whereby chromosomes are positioned in a specific order and orientation at the metaphase plate (spindle equator), during mitotic chromosome segregation. This alignment ensures that each daughter cell will receive the correct number of chromosomes during cell division."" [ISBN:0815316194]",65,139,4,20972,0.02877697841726619,0.06153846153846154,query_1,"['GO:0000070', 'GO:0051310', 'GO:1903047']",0.02920565318098654
GO:MF,GO:0017171,serine hydrolase activity,0.01856303836594856,True,"""Catalysis of the hydrolysis of a substrate by a catalytic mechanism that involves a catalytic triad consisting of a serine nucleophile that is activated by a proton relay involving an acidic residue (e.g. aspartate or glutamate) and a basic residue (usually histidine)."" [Wikipedia:Serine_hydrolase]",205,140,7,20208,0.05,0.03414634146341464,query_1,['GO:0016787'],0.029236240265912455
GO:MF,GO:0015271,outward rectifier potassium channel activity,0.01856303836594856,True,"""Enables the transmembrane transfer of a potassium ion by an outwardly-rectifying voltage-gated channel. An outwardly rectifying current-voltage relation is one where at any given driving force the outward flow of K+ ions exceeds the inward flow for the opposite driving force."" [GOC:mah]",24,140,3,20208,0.02142857142857143,0.125,query_1,['GO:0005249'],0.029236240265912455
GO:MF,GO:0005198,structural molecule activity,0.018684815207538036,True,"""The action of a molecule that contributes to the structural integrity of a complex."" [GOC:mah, GOC:vw]",1106,140,18,20208,0.12857142857142856,0.0162748643761302,query_1,['GO:0003674'],0.029236240265912455
GO:MF,GO:0005524,ATP binding,0.018684815207538036,True,"""Binding to ATP, adenosine 5'-triphosphate, a universally important coenzyme and enzyme regulator."" [ISBN:0198506732]",1504,140,22,20208,0.15714285714285714,0.014627659574468085,query_1,"['GO:0032559', 'GO:0035639']",0.029236240265912455
GO:BP,GO:1902850,microtubule cytoskeleton organization involved in mitosis,0.019556117755971558,True,"""Any microtubule cytoskeleton organization that is involved in mitosis."" [GO_REF:0000060, GOC:TermGenie, PMID:18799626]",171,139,6,20972,0.04316546762589928,0.03508771929824561,query_1,"['GO:0000226', 'GO:1903047']",0.030420627620400202
GO:BP,GO:0051984,positive regulation of chromosome segregation,0.01992295616926046,True,"""Any process that activates or increases the frequency, rate or extent of chromosome segregation, the process in which genetic material, in the form of chromosomes, is organized and then physically separated and apportioned to two or more sets."" [GOC:ai]",30,139,3,20972,0.02158273381294964,0.1,query_1,"['GO:0007059', 'GO:0051983', 'GO:0090068']",0.03081108337804234
GO:BP,GO:1901991,negative regulation of mitotic cell cycle phase transition,0.02046552643750897,True,"""Any process that stops, prevents or reduces the frequency, rate or extent of mitotic cell cycle phase transition."" [GOC:mtg_cell_cycle, GOC:TermGenie, PMID:22841721]",173,139,6,20972,0.04316546762589928,0.03468208092485549,query_1,"['GO:0044772', 'GO:0045930', 'GO:1901988', 'GO:1901990']",0.031053666615296426
GO:MF,GO:0140657,ATP-dependent activity,0.02049720869057943,True,"""A molecular function characterized by the coupling of ATP hydrolysis to other steps of a reaction mechanism to make the reaction energetically favorable, for example to catalyze a reaction or drive transport against a concentration gradient."" [PMID:24878343, PMID:25750732, PMID:32933017, PMID:33818025, PMID:33873056, PMID:33988324]",584,140,12,20208,0.08571428571428572,0.02054794520547945,query_1,['GO:0003674'],0.031053666615296426
GO:BP,GO:1902749,regulation of cell cycle G2/M phase transition,0.02129887752813147,True,"""Any signaling pathway that modulates the activity of a cell cycle cyclin-dependent protein kinase to modulate the switch from G2 phase to M phase of the cell cycle."" [GO_REF:0000058, GOC:jl, GOC:TermGenie]",117,139,5,20972,0.03597122302158273,0.042735042735042736,query_1,"['GO:0044839', 'GO:1901987']",0.031053666615296426
REAC,REAC:R-HSA-68875,Mitotic Prophase,0.021336169621599912,True,Mitotic Prophase,134,90,6,11056,0.06666666666666667,0.04477611940298507,query_1,['REAC:R-HSA-68886'],0.031053666615296426
REAC,REAC:R-HSA-2500257,Resolution of Sister Chromatid Cohesion,0.021336169621599912,True,Resolution of Sister Chromatid Cohesion,124,90,6,11056,0.06666666666666667,0.04838709677419355,query_1,['REAC:R-HSA-68877'],0.031053666615296426
REAC,REAC:R-HSA-9856651,MITF-M-dependent gene expression,0.021336169621599912,True,MITF-M-dependent gene expression,86,90,5,11056,0.05555555555555555,0.05813953488372093,query_1,['REAC:R-HSA-9730414'],0.031053666615296426
REAC,REAC:R-HSA-69620,Cell Cycle Checkpoints,0.021336169621599912,True,Cell Cycle Checkpoints,289,90,9,11056,0.1,0.031141868512110725,query_1,['REAC:R-HSA-1640170'],0.031053666615296426
REAC,REAC:R-HSA-9609690,HCMV Early Events,0.021336169621599912,True,HCMV Early Events,134,90,6,11056,0.06666666666666667,0.04477611940298507,query_1,['REAC:R-HSA-9609646'],0.031053666615296426
REAC,REAC:R-HSA-421270,Cell-cell junction organization,0.021336169621599912,True,Cell-cell junction organization,87,90,5,11056,0.05555555555555555,0.05747126436781609,query_1,['REAC:R-HSA-446728'],0.031053666615296426
REAC,REAC:R-HSA-5576891,Cardiac conduction,0.021336169621599912,True,Cardiac conduction,130,90,6,11056,0.06666666666666667,0.046153846153846156,query_1,['REAC:R-HSA-397014'],0.031053666615296426
REAC,REAC:R-HSA-201722,Formation of the beta-catenin:TCF transactivating complex,0.021421767198005683,True,Formation of the beta-catenin:TCF transactivating complex,90,90,5,11056,0.05555555555555555,0.05555555555555555,query_1,['REAC:R-HSA-201681'],0.031053666615296426
GO:BP,GO:0043268,positive regulation of potassium ion transport,0.021480731794039632,True,"""Any process that activates or increases the frequency, rate or extent of the directed movement of potassium ions (K+) into, out of or within a cell, or between cells, by means of some agent such as a transporter or pore."" [GOC:jl]",31,139,3,20972,0.02158273381294964,0.0967741935483871,query_1,"['GO:0006813', 'GO:0043266', 'GO:0043270']",0.031053666615296426
GO:BP,GO:0007010,cytoskeleton organization,0.022441961806541625,True,"""A process that is carried out at the cellular level which results in the assembly, arrangement of constituent parts, or disassembly of cytoskeletal structures."" [GOC:dph, GOC:jl, GOC:mah]",1534,139,21,20972,0.1510791366906475,0.013689700130378096,query_1,['GO:0006996'],0.03223043189950165
GO:BP,GO:0060452,positive regulation of cardiac muscle contraction,0.02253706892220792,True,"""Any process that increases the frequency, rate or extent of cardiac muscle contraction."" [GOC:dph, GOC:tb]",8,139,2,20972,0.014388489208633094,0.25,query_1,"['GO:0045823', 'GO:0045989', 'GO:0055117', 'GO:0060048']",0.03223043189950165
GO:MF,GO:0004222,metalloendopeptidase activity,0.02361282000367249,True,"""Catalysis of the hydrolysis of internal, alpha-peptide bonds in a polypeptide chain by a mechanism in which water acts as a nucleophile, one or two metal ions hold the water molecule in place, and charged amino acid side chains are ligands for the metal ions."" [GOC:mah, https://www.ebi.ac.uk/merops/about/glossary.shtml#CATTYPE, https://www.ebi.ac.uk/merops/about/glossary.shtml#ENDOPEPTIDASE]",109,140,5,20208,0.03571428571428571,0.045871559633027525,query_1,"['GO:0004175', 'GO:0008237']",0.03312413121877907
GO:MF,GO:0032559,adenyl ribonucleotide binding,0.02361282000367249,True,"""Binding to an adenyl ribonucleotide, any compound consisting of adenosine esterified with (ortho)phosphate or an oligophosphate at any hydroxyl group on the ribose moiety."" [GOC:mah]",1546,140,22,20208,0.15714285714285714,0.014230271668822769,query_1,"['GO:0030554', 'GO:0032555']",0.03312413121877907
REAC,REAC:R-HSA-176417,Phosphorylation of Emi1,0.02366009372769934,True,Phosphorylation of Emi1,6,90,2,11056,0.022222222222222223,0.3333333333333333,query_1,['REAC:R-HSA-176408'],0.03312413121877907
REAC,REAC:R-HSA-3214847,HATs acetylate histones,0.02366009372769934,True,HATs acetylate histones,141,90,6,11056,0.06666666666666667,0.0425531914893617,query_1,['REAC:R-HSA-3247509'],0.03312413121877907
GO:BP,GO:0003208,cardiac ventricle morphogenesis,0.023948710619808817,True,"""The process in which the cardiac ventricle is generated and organized. A cardiac ventricle receives blood from a cardiac atrium and pumps it out of the heart."" [GOC:mtg_heart]",71,139,4,20972,0.02877697841726619,0.056338028169014086,query_1,"['GO:0003206', 'GO:0003231']",0.03321960555614918
GO:BP,GO:0051239,regulation of multicellular organismal process,0.023978061153310685,True,"""Any process that modulates the frequency, rate or extent of a multicellular organismal process, the processes pertinent to the function of a multicellular organism above the cellular level; includes the integrated processes of tissues and organs."" [GOC:ai, GOC:dph, GOC:tb]",2923,139,33,20972,0.23741007194244604,0.01128977078344167,query_1,"['GO:0032501', 'GO:0050789']",0.03321960555614918
GO:BP,GO:0045931,positive regulation of mitotic cell cycle,0.025511704696635298,True,"""Any process that activates or increases the rate or extent of progression through the mitotic cell cycle."" [GOC:dph, GOC:go_curators, GOC:tb]",123,139,5,20972,0.03597122302158273,0.04065040650406504,query_1,"['GO:0000278', 'GO:0007346', 'GO:0045787']",0.03516120958189114
GO:BP,GO:0007417,central nervous system development,0.025762016839377774,True,"""The process whose specific outcome is the progression of the central nervous system over time, from its formation to the mature structure. The central nervous system is the core nervous system that serves an integrating and coordinating function. In vertebrates it consists of the brain and spinal cord. In those invertebrates with a central nervous system it typically consists of a brain, cerebral ganglia and a nerve cord."" [GOC:bf, GOC:jid, ISBN:0582227089]",1035,139,16,20972,0.11510791366906475,0.015458937198067632,query_1,"['GO:0007399', 'GO:0048731']",0.03532317772821901
GO:BP,GO:0000075,cell cycle checkpoint signaling,0.026952362012214133,True,"""A signaling process that controls cell cycle progression by monitoring the integrity of specific cell cycle events. A cell cycle checkpoint begins with detection of deficiencies or defects and ends with signal transduction."" [GOC:mtg_cell_cycle]",186,139,6,20972,0.04316546762589928,0.03225806451612903,query_1,"['GO:0035556', 'GO:1901988']",0.035789826984018086
GO:BP,GO:0048387,negative regulation of retinoic acid receptor signaling pathway,0.026952362012214133,True,"""Any process that stops, prevents, or reduces the frequency, rate or extent of retinoic acid receptor signaling pathway activity."" [GOC:dgh]",9,139,2,20972,0.014388489208633094,0.2222222222222222,query_1,"['GO:0048384', 'GO:0048385', 'GO:1902532']",0.035789826984018086
GO:BP,GO:0099542,trans-synaptic signaling by endocannabinoid,0.026952362012214133,True,"""Cell-cell signaling in either direction across the synaptic cleft, mediated by an endocannabinoid ligand."" [GOC:dos]",9,139,2,20972,0.014388489208633094,0.2222222222222222,query_1,['GO:0099541'],0.035789826984018086
GO:BP,GO:0014866,skeletal myofibril assembly,0.026952362012214133,True,"""The process whose specific outcome is the progression of the skeletal myofibril over time, from its formation to the mature structure. A skeletal myofibril is a myofibril specific to skeletal muscle cells."" [GOC:ef, GOC:mtg_muscle]",9,139,2,20972,0.014388489208633094,0.2222222222222222,query_1,['GO:0030239'],0.035789826984018086
GO:BP,GO:0099541,trans-synaptic signaling by lipid,0.026952362012214133,True,"""Cell-cell signaling from post to pre-synapse, across the synaptic cleft, mediated by a lipid."" [GOC:dos]",9,139,2,20972,0.014388489208633094,0.2222222222222222,query_1,['GO:0099537'],0.035789826984018086
GO:BP,GO:0050000,chromosome localization,0.026952362012214133,True,"""Any process in which a chromosome is transported to, or maintained in, a specific location."" [GOC:ai]",125,139,5,20972,0.03597122302158273,0.04,query_1,['GO:0051640'],0.035789826984018086
GO:MF,GO:0005216,monoatomic ion channel activity,0.027044192570630208,True,"""Enables the facilitated diffusion of a monoatomic ion (by an energy-independent process) by passage through a transmembrane aqueous pore or channel without evidence for a carrier-mediated mechanism. May be either selective (it enables passage of a specific ion only) or non-selective (it enables passage of two or more ions of same charge but different size)."" [GOC:cy, GOC:mtg_transport, GOC:pr, ISBN:0815340729]",449,140,10,20208,0.07142857142857142,0.022271714922048998,query_1,"['GO:0015075', 'GO:0015267']",0.035789826984018086
GO:MF,GO:0046873,metal ion transmembrane transporter activity,0.028152823364609395,True,"""Enables the transfer of metal ions from one side of a membrane to the other."" [GOC:ai]",454,140,10,20208,0.07142857142857142,0.022026431718061675,query_1,['GO:0008324'],0.036747914684697146
REAC,REAC:R-HSA-2980767,"Activation of NIMA Kinases NEK9, NEK6, NEK7",0.028320761317153817,True,"Activation of NIMA Kinases NEK9, NEK6, NEK7",7,90,2,11056,0.022222222222222223,0.2857142857142857,query_1,['REAC:R-HSA-2980766'],0.036747914684697146
REAC,REAC:R-HSA-9764302,Regulation of CDH19 Expression and Function,0.028320761317153817,True,Regulation of CDH19 Expression and Function,7,90,2,11056,0.022222222222222223,0.2857142857142857,query_1,['REAC:R-HSA-9764260'],0.036747914684697146
REAC,REAC:R-HSA-1500931,Cell-Cell communication,0.028320761317153817,True,Cell-Cell communication,150,90,6,11056,0.06666666666666667,0.04,query_1,['REAC:0000000'],0.036747914684697146
REAC,REAC:R-HSA-68886,M Phase,0.029464443309857178,True,M Phase,407,90,10,11056,0.1111111111111111,0.02457002457002457,query_1,['REAC:R-HSA-69278'],0.037144748438019
REAC,REAC:R-HSA-5334118,DNA methylation,0.029464443309857178,True,DNA methylation,64,90,4,11056,0.044444444444444446,0.0625,query_1,['REAC:R-HSA-212165'],0.037144748438019
REAC,REAC:R-HSA-9609646,HCMV Infection,0.029464443309857178,True,HCMV Infection,158,90,6,11056,0.06666666666666667,0.0379746835443038,query_1,['REAC:R-HSA-9824446'],0.037144748438019
REAC,REAC:R-HSA-9759476,Regulation of Homotypic Cell-Cell Adhesion,0.029464443309857178,True,Regulation of Homotypic Cell-Cell Adhesion,30,90,3,11056,0.03333333333333333,0.1,query_1,['REAC:R-HSA-418990'],0.037144748438019
REAC,REAC:R-HSA-73728,RNA Polymerase I Promoter Opening,0.029464443309857178,True,RNA Polymerase I Promoter Opening,62,90,4,11056,0.044444444444444446,0.06451612903225806,query_1,['REAC:R-HSA-73854'],0.037144748438019
REAC,REAC:R-HSA-9764260,Regulation of Expression and Function of Type II Classical Cadherins,0.029464443309857178,True,Regulation of Expression and Function of Type II Classical Cadherins,30,90,3,11056,0.03333333333333333,0.1,query_1,['REAC:R-HSA-9759476'],0.037144748438019
GO:BP,GO:0090068,positive regulation of cell cycle process,0.03042034992898615,True,"""Any process that increases the rate, frequency or extent of a cellular process that is involved in the progression of biochemical and morphological phases and events that occur in a cell during successive cell replication or nuclear replication events."" [GOC:dph, GOC:tb]",259,139,7,20972,0.050359712230215826,0.02702702702702703,query_1,"['GO:0010564', 'GO:0022402', 'GO:0045787']",0.03816892962787885
REAC,REAC:R-HSA-5625886,Activated PKN1 stimulates transcription of AR (androgen receptor) regulated genes KLK2 and KLK3,0.030732821827877496,True,Activated PKN1 stimulates transcription of AR (androgen receptor) regulated genes KLK2 and KLK3,66,90,4,11056,0.044444444444444446,0.06060606060606061,query_1,['REAC:R-HSA-5625740'],0.03820061030941782
REAC,REAC:R-HSA-977225,Amyloid fiber formation,0.030732821827877496,True,Amyloid fiber formation,110,90,5,11056,0.05555555555555555,0.045454545454545456,query_1,['REAC:R-HSA-392499'],0.03820061030941782
REAC,REAC:R-HSA-427359,SIRT1 negatively regulates rRNA expression,0.03146806670826806,True,SIRT1 negatively regulates rRNA expression,67,90,4,11056,0.044444444444444446,0.05970149253731343,query_1,['REAC:R-HSA-5250941'],0.03864243746151714
REAC,REAC:R-HSA-9843970,Regulation of endogenous retroelements by the Human Silencing Hub (HUSH) complex,0.031959910682457786,True,Regulation of endogenous retroelements by the Human Silencing Hub (HUSH) complex,70,90,4,11056,0.044444444444444446,0.05714285714285714,query_1,['REAC:R-HSA-9842860'],0.03864243746151714
REAC,REAC:R-HSA-446728,Cell junction organization,0.031959910682457786,True,Cell junction organization,114,90,5,11056,0.05555555555555555,0.043859649122807015,query_1,['REAC:R-HSA-1500931'],0.03864243746151714
REAC,REAC:R-HSA-1592389,Activation of Matrix Metalloproteinases,0.031959910682457786,True,Activation of Matrix Metalloproteinases,33,90,3,11056,0.03333333333333333,0.09090909090909091,query_1,['REAC:R-HSA-1474228'],0.03864243746151714
REAC,REAC:R-HSA-68616,Assembly of the ORC complex at the origin of replication,0.031959910682457786,True,Assembly of the ORC complex at the origin of replication,68,90,4,11056,0.044444444444444446,0.058823529411764705,query_1,['REAC:R-HSA-68867'],0.03864243746151714
REAC,REAC:R-HSA-9821002,Chromatin modifications during the maternal to zygotic transition (MZT),0.031959910682457786,True,Chromatin modifications during the maternal to zygotic transition (MZT),70,90,4,11056,0.044444444444444446,0.05714285714285714,query_1,['REAC:R-HSA-9816359'],0.03864243746151714
GO:BP,GO:0045823,positive regulation of heart contraction,0.032791075649202854,True,"""Any process that activates or increases the frequency, rate or extent of heart contraction."" [GOC:go_curators]",37,139,3,20972,0.02158273381294964,0.08108108108108109,query_1,"['GO:0008016', 'GO:0060047', 'GO:1903524']",0.039383683601554385
GO:BP,GO:0099537,trans-synaptic signaling,0.03286908932159802,True,"""Cell-cell signaling in either direction across the synaptic cleft."" [GOC:dos]",772,139,13,20972,0.09352517985611511,0.01683937823834197,query_1,['GO:0099536'],0.039383683601554385
REAC,REAC:R-HSA-9710421,Defective pyroptosis,0.033604572381835535,True,Defective pyroptosis,72,90,4,11056,0.044444444444444446,0.05555555555555555,query_1,['REAC:R-HSA-9645723'],0.039905429703429696
REAC,REAC:R-HSA-212300,PRC2 methylates histones and DNA,0.033604572381835535,True,PRC2 methylates histones and DNA,72,90,4,11056,0.044444444444444446,0.05555555555555555,query_1,['REAC:R-HSA-212165'],0.039905429703429696
REAC,REAC:R-HSA-1474244,Extracellular matrix organization,0.034281872776126356,True,Extracellular matrix organization,298,90,8,11056,0.08888888888888889,0.026845637583892617,query_1,['REAC:0000000'],0.0405287918153316
GO:BP,GO:1903524,positive regulation of blood circulation,0.03497606102134642,True,"""Any process that activates or increases the frequency, rate or extent of blood circulation."" [GO_REF:0000058, GOC:mr, GOC:TermGenie, PMID:10659969]",38,139,3,20972,0.02158273381294964,0.07894736842105263,query_1,"['GO:0008015', 'GO:0051240', 'GO:1903522']",0.04116651429946083
GO:BP,GO:0071805,potassium ion transmembrane transport,0.03666443049226913,True,"""A process in which a potassium ion is transported from one side of a membrane to the other."" [GOC:mah]",199,139,6,20972,0.04316546762589928,0.03015075376884422,query_1,"['GO:0006813', 'GO:0098655']",0.04296360577508189
REAC,REAC:R-HSA-427389,ERCC6 (CSB) and EHMT2 (G9a) positively regulate rRNA expression,0.03707377065278897,True,ERCC6 (CSB) and EHMT2 (G9a) positively regulate rRNA expression,75,90,4,11056,0.044444444444444446,0.05333333333333334,query_1,['REAC:R-HSA-5250913'],0.043252732428253796
GO:BP,GO:0007052,mitotic spindle organization,0.03760611100296344,True,"""A process that is carried out at the cellular level which results in the assembly, arrangement of constituent parts, or disassembly of the microtubule spindle during a mitotic cell cycle."" [GOC:go_curators, GOC:mah]",137,139,5,20972,0.03597122302158273,0.0364963503649635,query_1,"['GO:0007051', 'GO:1902850']",0.04368220754056015
GO:BP,GO:0071695,anatomical structure maturation,0.03853878427340987,True,"""A developmental process, independent of morphogenetic (shape) change, that is required for an anatomical structure to attain its fully functional state."" [GOC:mah]",272,139,7,20972,0.050359712230215826,0.025735294117647058,query_1,"['GO:0021700', 'GO:0048856']",0.04418670955485787
GO:BP,GO:0001867,"complement activation, lectin pathway",0.03853878427340987,True,"""Any process involved in the activation of any of the steps of the lectin pathway of the complement cascade which allows for the direct killing of microbes and the regulation of other immune processes."" [GOC:add, ISBN:0781735149]",11,139,2,20972,0.014388489208633094,0.18181818181818182,query_1,"['GO:0006956', 'GO:0045087']",0.04418670955485787
GO:BP,GO:0051987,positive regulation of attachment of spindle microtubules to kinetochore,0.03853878427340987,True,"""Any process that activates or increases the frequency, rate or extent of the attachment of spindle microtubules to the kinetochore."" [GOC:ai]",11,139,2,20972,0.014388489208633094,0.18181818181818182,query_1,"['GO:0008608', 'GO:0051984', 'GO:0051988']",0.04418670955485787
GO:BP,GO:0000086,G2/M transition of mitotic cell cycle,0.03906401965967425,True,"""The mitotic cell cycle transition by which a cell in G2 commits to M phase. The process begins when the kinase activity of M cyclin/CDK complex reaches a threshold high enough for the cell cycle to proceed. This is accomplished by activating a positive feedback loop that results in the accumulation of unphosphorylated and active M cyclin/CDK complex."" [GOC:mtg_cell_cycle]",139,139,5,20972,0.03597122302158273,0.03597122302158273,query_1,"['GO:0044772', 'GO:0044839']",0.04459669197198863
GO:BP,GO:1901987,regulation of cell cycle phase transition,0.039418329724893474,True,"""Any process that modulates the frequency, rate or extent of cell cycle phase transition."" [GOC:mtg_cell_cycle, GOC:TermGenie, PMID:22841721]",432,139,9,20972,0.06474820143884892,0.020833333333333332,query_1,"['GO:0010564', 'GO:0044770']",0.0447958685785771
GO:MF,GO:0097367,carbohydrate derivative binding,0.03957529742844217,True,"""Binding to a carbohydrate derivative."" [GOC:pr]",2284,140,28,20208,0.2,0.012259194395796848,query_1,['GO:0005488'],0.0447958685785771
GO:MF,GO:0030554,adenyl nucleotide binding,0.04020956631526797,True,"""Binding to an adenyl nucleotide, an adenosine esterified with (ortho)phosphate."" [ISBN:0198506732]",1640,140,22,20208,0.15714285714285714,0.013414634146341463,query_1,['GO:0017076'],0.04510365726745803
GO:MF,GO:0035639,purine ribonucleoside triphosphate binding,0.04020956631526797,True,"""Binding to a purine ribonucleoside triphosphate, a compound consisting of a purine base linked to a ribose sugar esterified with triphosphate on the sugar."" [GOC:BHF, GOC:ebc, ISBN:0198506732]",1854,140,24,20208,0.17142857142857143,0.012944983818770227,query_1,"['GO:0043168', 'GO:1901265', 'GO:1901363']",0.04510365726745803
GO:BP,GO:0000278,mitotic cell cycle,0.0403559038708835,True,"""Progression through the phases of the mitotic cell cycle, the most common eukaryotic cell cycle, which canonically comprises four successive phases called G1, S, G2, and M and includes replication of the genome and the subsequent segregation of chromosomes into daughter cells. In some variant cell cycles nuclear replication or nuclear division may not be followed by cell division, or G1 and G2 phases may be absent."" [GOC:mah, ISBN:0815316194]",893,139,14,20972,0.10071942446043165,0.015677491601343786,query_1,['GO:0007049'],0.04510365726745803
GO:BP,GO:0007143,female meiotic nuclear division,0.04093761814066856,True,"""A cell cycle process by which the cell nucleus divides as part of a meiotic cell cycle in the female germline."" [GOC:dph, GOC:ems, GOC:mah, GOC:vw]",41,139,3,20972,0.02158273381294964,0.07317073170731707,query_1,"['GO:0007292', 'GO:0140013']",0.04537252677257433
GO:BP,GO:0060074,synapse maturation,0.04093761814066856,True,"""The process that organizes a synapse so that it attains its fully functional state. Synaptic maturation plays a critical role in the establishment of effective synaptic connections in early development."" [GOC:dph, GOC:ef]",41,139,3,20972,0.02158273381294964,0.07317073170731707,query_1,"['GO:0007399', 'GO:0021700', 'GO:0050808']",0.04537252677257433
GO:BP,GO:0048469,cell maturation,0.04195664848332259,True,"""The cellular developmental process, independent of morphogenetic (shape) change, that is required for a specific cell to attain its fully functional state."" [GOC:go_curators]",207,139,6,20972,0.04316546762589928,0.028985507246376812,query_1,"['GO:0048468', 'GO:0048869', 'GO:0071695']",0.046308997911053154
GO:BP,GO:0099536,synaptic signaling,0.042424531813513716,True,"""Cell-cell signaling to, from or within a synapse."" [GOC:dos]",803,139,13,20972,0.09352517985611511,0.0161892901618929,query_1,['GO:0007267'],0.04644002247899032
GO:BP,GO:0010639,negative regulation of organelle organization,0.042424531813513716,True,"""Any process that decreases the frequency, rate or extent of a process involved in the formation, arrangement of constituent parts, or disassembly of an organelle."" [GOC:dph, GOC:tb]",357,139,8,20972,0.05755395683453238,0.022408963585434174,query_1,"['GO:0006996', 'GO:0033043', 'GO:0051129']",0.04644002247899032
REAC,REAC:R-HSA-9730414,MITF-M-regulated melanocyte development,0.04342090713168126,True,MITF-M-regulated melanocyte development,128,90,5,11056,0.05555555555555555,0.0390625,query_1,['REAC:R-HSA-1266738'],0.047335906955029566
GO:BP,GO:0045161,neuronal ion channel clustering,0.04360831632831431,True,"""The process in which voltage-gated ion channels become localized to distinct subcellular domains in the neuron. Specific targeting, clustering, and maintenance of these channels in their respective domains are essential to achieve high conduction velocities of action potential propagation."" [PMID:11456440]",12,139,2,20972,0.014388489208633094,0.16666666666666666,query_1,"['GO:0042551', 'GO:0061024']",0.047346172013598385
KEGG,KEGG:05322,Systemic lupus erythematosus,0.04432344118520141,True,Systemic lupus erythematosus,136,84,6,8716,0.07142857142857142,0.04411764705882353,query_1,['KEGG:00000'],0.04792697298887632
GO:MF,GO:0036094,small molecule binding,0.04569537010778524,True,"""Binding to a small molecule, any low molecular weight, monomeric, non-encoded molecule."" [GOC:curators, GOC:pde, GOC:pm]",6446,140,61,20208,0.4357142857142857,0.009463233012721067,query_1,['GO:0005488'],0.04884243369498738
REAC,REAC:R-HSA-69306,DNA Replication,0.04569916441963484,True,DNA Replication,187,90,6,11056,0.06666666666666667,0.03208556149732621,query_1,['REAC:0000000'],0.04884243369498738
REAC,REAC:R-HSA-195258,RHO GTPase Effectors,0.04622119837494045,True,RHO GTPase Effectors,318,90,8,11056,0.08888888888888889,0.025157232704402517,query_1,['REAC:R-HSA-194315'],0.04884243369498738
GO:BP,GO:0044770,cell cycle phase transition,0.04690051472717502,True,"""The cell cycle process by which a cell commits to entering the next cell cycle phase."" [GOC:mtg_cell_cycle]",534,139,10,20972,0.07194244604316546,0.018726591760299626,query_1,['GO:0022402'],0.04884243369498738
GO:BP,GO:0022008,neurogenesis,0.04690051472717502,True,"""Generation of cells within the nervous system."" [GO_REF:0000021, GOC:cls, GOC:curators, GOC:dgh, GOC:dph, GOC:jid]",1769,139,22,20972,0.15827338129496402,0.01243640474844545,query_1,"['GO:0007399', 'GO:0030154']",0.04884243369498738
GO:MF,GO:0015267,channel activity,0.04772586804907335,True,"""Enables the energy-independent facilitated diffusion of a solute through a transmembrane aqueous pore or channel. Stereospecificity is not exhibited but this transport may be specific for a particular molecular species or class of molecules."" [GOC:mtg_transport, ISBN:0815340729]",512,140,10,20208,0.07142857142857142,0.01953125,query_1,['GO:0022803'],0.04884243369498738
GO:MF,GO:0032036,myosin heavy chain binding,0.04772586804907335,True,"""Binding to a heavy chain of a myosin complex."" [GOC:mah]",12,140,2,20208,0.014285714285714285,0.16666666666666666,query_1,['GO:0017022'],0.04884243369498738
GO:MF,GO:0032555,purine ribonucleotide binding,0.04772586804907335,True,"""Binding to a purine ribonucleotide, any compound consisting of a purine ribonucleoside that is esterified with (ortho)phosphate or an oligophosphate at any hydroxyl group on the ribose moiety."" [GOC:mah]",1902,140,24,20208,0.17142857142857143,0.012618296529968454,query_1,"['GO:0017076', 'GO:0032553']",0.04884243369498738
GO:MF,GO:0061575,cyclin-dependent protein serine/threonine kinase activator activity,0.04772586804907335,True,"""Binds to and increases the activity of a cyclin-dependent protein serine/threonine kinase."" [GOC:dph, PMID:2569363, PMID:3322810]",12,140,2,20208,0.014285714285714285,0.16666666666666666,query_1,"['GO:0016538', 'GO:0043539']",0.04884243369498738
GO:MF,GO:0022803,passive transmembrane transporter activity,0.04772586804907335,True,"""Enables the transfer of a single solute from one side of a membrane to the other by a mechanism involving conformational change, either by facilitated diffusion or in a membrane potential dependent process if the solute is charged."" [GOC:mtg_transport, ISBN:0815340729]",512,140,10,20208,0.07142857142857142,0.01953125,query_1,['GO:0022857'],0.04884243369498738
GO:MF,GO:0005261,monoatomic cation channel activity,0.04772586804907335,True,"""Enables the energy-independent facilitated diffusion of a monoatomic cation through a transmembrane aqueous pore or channel."" [GOC:def, GOC:dph, GOC:mtg_transport, GOC:pr, ISBN:0815340729]",343,140,8,20208,0.05714285714285714,0.023323615160349854,query_1,"['GO:0005216', 'GO:0008324']",0.04884243369498738
GO:BP,GO:0030261,chromosome condensation,0.04782596016294114,True,"""The progressive compaction of dispersed interphase chromatin into threadlike chromosomes prior to mitotic or meiotic nuclear division, or during apoptosis, in eukaryotic cells."" [GOC:mah, ISBN:0815316194]",44,139,3,20972,0.02158273381294964,0.06818181818181818,query_1,['GO:0051276'],0.04884243369498738
GO:BP,GO:0051938,L-glutamate import,0.04782596016294114,True,"""The directed movement of L-glutamate, the L-enantiomer of the anion of 2-aminopentanedioic acid, into a cell or organelle."" [GOC:ai, GOC:jsg, GOC:mah]",44,139,3,20972,0.02158273381294964,0.06818181818181818,query_1,"['GO:0006835', 'GO:0015800', 'GO:0015807']",0.04884243369498738
GO:MF,GO:0051015,actin filament binding,0.04792434283605904,True,"""Binding to an actin filament, also known as F-actin, a helical filamentous polymer of globular G-actin subunits."" [ISBN:0198506732]",207,140,6,20208,0.04285714285714286,0.028985507246376812,query_1,"['GO:0003779', 'GO:0044877']",0.04884243369498738
GO:MF,GO:0032553,ribonucleotide binding,0.04792434283605904,True,"""Binding to a ribonucleotide, any compound consisting of a ribonucleoside that is esterified with (ortho)phosphate or an oligophosphate at any hydroxyl group on the ribose moiety."" [GOC:mah]",1919,140,24,20208,0.17142857142857143,0.012506513809275664,query_1,"['GO:0000166', 'GO:0097367']",0.04884243369498738
GO:BP,GO:1901992,positive regulation of mitotic cell cycle phase transition,0.04861957476404615,True,"""Any process that activates or increases the frequency, rate or extent of mitotic cell cycle phase transition."" [GOC:mtg_cell_cycle, GOC:TermGenie, PMID:22841721]",91,139,4,20972,0.02877697841726619,0.04395604395604396,query_1,"['GO:0044772', 'GO:0045931', 'GO:1901989', 'GO:1901990']",0.049361858348230064
GO:BP,GO:0007144,female meiosis I,0.049284429119794505,True,"""The cell cycle process in which the first meiotic division occurs in the female germline."" [GOC:mah]",13,139,2,20972,0.014388489208633094,0.15384615384615385,query_1,"['GO:0007127', 'GO:0007143']",0.04958253319965222
GO:BP,GO:0045989,positive regulation of striated muscle contraction,0.049284429119794505,True,"""Any process that activates or increases the frequency, rate or extent of striated muscle contraction."" [GOC:go_curators]",13,139,2,20972,0.014388489208633094,0.15384615384615385,query_1,"['GO:0006941', 'GO:0006942', 'GO:0045933']",0.04958253319965222
REAC,REAC:R-HSA-9821993,Replacement of protamines by nucleosomes in the male pronucleus,0.04958253319965222,True,Replacement of protamines by nucleosomes in the male pronucleus,42,90,3,11056,0.03333333333333333,0.07142857142857142,query_1,['REAC:R-HSA-9816359'],0.04958253319965222
REAC,REAC:R-HSA-162658,Golgi Cisternae Pericentriolar Stack Reorganization,0.04958253319965222,True,Golgi Cisternae Pericentriolar Stack Reorganization,13,90,2,11056,0.022222222222222223,0.15384615384615385,query_1,['REAC:R-HSA-68875'],0.04958253319965222
