Cancer,N_test,N_healthy_removed,N_reference_remaining,Detected,DetectRate,CI_Lower,CI_Upper
Bile duct,36,9,8140,36,100.0,90.36,100.0
Blood,107,337,7812,107,100.0,96.53,100.0
Brain,689,1153,6996,689,100.0,99.45,100.0
Breast,1099,291,7858,1099,100.0,99.65,100.0
Cervix,305,3,8146,305,100.0,98.76,100.0
Endometrium,181,23,8126,181,100.0,97.92,100.0
Colon,289,348,7801,289,100.0,98.69,100.0
Esophagus,182,665,7484,182,100.0,97.93,100.0
Head and Neck region,520,44,8105,520,100.0,99.27,100.0
Testis,154,165,7984,154,100.0,97.57,100.0
Kidney,1025,168,7981,1025,100.0,99.63,100.0
Liver,371,160,7989,371,100.0,98.98,100.0
Ovary,427,88,8061,427,100.0,99.11,100.0
Prostate,495,151,7998,495,100.0,99.23,100.0
Paraganglia,182,3,8146,182,100.0,97.93,100.0
Skin,725,556,7593,725,100.0,99.47,100.0
Rectum,93,10,8139,93,100.0,96.03,100.0
Uterus,57,78,8071,57,100.0,93.69,100.0
Thymus,119,2,8147,119,100.0,96.87,100.0
"Soft tissue,Bone",262,2,8147,262,100.0,98.55,100.0
Stomach,413,210,7939,413,100.0,99.08,100.0
Lung,1013,397,7752,1012,99.9,99.44,99.98
Thyroid Gland,512,59,8090,511,99.8,98.9,99.97
Bladder,407,28,8121,406,99.75,98.62,99.96
Pancreas,179,171,7978,170,94.97,90.72,97.33
