,precision,recall,f1-score,support
Adrenal gland,1.0,1.0,1.0,15.0
Bile duct,0.7142857142857143,0.7142857142857143,0.7142857142857143,7.0
Bladder,0.9746835443037974,0.9390243902439024,0.9565217391304348,82.0
Blood,1.0,1.0,1.0,21.0
Bone Marrow,1.0,1.0,1.0,14.0
Brain,1.0,1.0,1.0,138.0
Breast,1.0,0.990909090909091,0.9954337899543378,220.0
Cervix,0.9830508474576272,0.9508196721311475,0.9666666666666667,61.0
Colon,0.828125,0.9137931034482759,0.8688524590163934,58.0
Endometrium,0.8292682926829268,0.9444444444444444,0.8831168831168831,36.0
Esophagus,0.9411764705882353,0.8888888888888888,0.9142857142857143,36.0
Eye,1.0,1.0,1.0,16.0
Head and Neck region,0.9809523809523809,0.9903846153846154,0.9856459330143541,104.0
Kidney,1.0,0.9853658536585366,0.9926289926289926,205.0
Lining of body cavities,0.9444444444444444,1.0,0.9714285714285714,17.0
Liver,0.9861111111111112,0.9594594594594594,0.9726027397260274,74.0
Lung,0.9901960784313726,0.9950738916256158,0.9926289926289926,203.0
Lymphatic tissue,0.9,1.0,0.9473684210526315,9.0
Ovary,0.9885057471264368,1.0,0.9942196531791907,86.0
Pancreas,1.0,0.9444444444444444,0.9714285714285714,36.0
Paraganglia,1.0,1.0,1.0,36.0
Prostate,0.99,1.0,0.9949748743718593,99.0
Rectum,0.6153846153846154,0.42105263157894735,0.5,19.0
Skin,1.0,0.993103448275862,0.9965397923875432,145.0
"Soft tissue,Bone",0.9122807017543859,1.0,0.9541284403669725,52.0
Stomach,0.9418604651162791,0.9759036144578314,0.9585798816568047,83.0
SympatheticÊNervous System,1.0,1.0,1.0,32.0
Testis,1.0,1.0,1.0,31.0
Thymus,1.0,1.0,1.0,24.0
Thyroid Gland,1.0,1.0,1.0,103.0
Uterus,0.7777777777777778,0.6363636363636364,0.7,11.0
White blood cell,1.0,1.0,1.0,119.0
accuracy,0.9767335766423357,0.9767335766423357,0.9767335766423357,0.9767335766423357
macro avg,0.9468157247317845,0.945103653112513,0.944729307197708,2192.0
weighted avg,0.9765950801645066,0.9767335766423357,0.9762142973288376,2192.0
