Cancer Type,N Samples,Detected,Detection Rate (%),95% CI Lower,95% CI Upper
Adrenal gland,77,77,100.0,95.25,100.0
Bile duct,36,36,100.0,90.36,100.0
Blood,107,107,100.0,96.53,100.0
Bone Marrow,70,70,100.0,94.8,100.0
Cervix,305,305,100.0,98.76,100.0
Eye,79,79,100.0,95.36,100.0
Endometrium,181,181,100.0,97.92,100.0
Colon,289,289,100.0,98.69,100.0
Liver,371,371,100.0,98.98,100.0
Lining of body cavities,87,87,100.0,95.77,100.0
Head and Neck region,520,520,100.0,99.27,100.0
Skin,725,725,100.0,99.47,100.0
Paraganglia,182,182,100.0,97.93,100.0
Rectum,93,93,100.0,96.03,100.0
Ovary,427,427,100.0,99.11,100.0
Lymphatic tissue,47,47,100.0,92.44,100.0
White blood cell,595,595,100.0,99.36,100.0
Thymus,119,119,100.0,96.87,100.0
SympatheticÊNervous System,162,162,100.0,97.68,100.0
"Soft tissue,Bone",262,262,100.0,98.55,100.0
Uterus,57,57,100.0,93.69,100.0
Kidney,1025,1023,99.8,99.29,99.95
Bladder,407,406,99.75,98.62,99.96
Stomach,413,411,99.52,98.25,99.87
Esophagus,182,181,99.45,96.95,99.9
Testis,154,153,99.35,96.41,99.89
Lung,1013,998,98.52,97.57,99.1
Thyroid Gland,512,504,98.44,96.95,99.21
Brain,689,675,97.97,96.62,98.79
Breast,1099,1076,97.91,96.88,98.6
Prostate,495,374,75.56,71.58,79.14
Pancreas,179,133,74.3,67.44,80.15
